Product Name,New Prices,Category,Type,Image URL(s),Stock Quantity,Description,Product Buy Link,Size/Color Variants,Gender,
Penti Strappy Round-Neck Camisole,1899,Clothing,Camisoles & Slips,https://assets.ajio.com/medias/sys_master/root/20221010/0vSN/634433f5f997ddfdbd1804bc/penti_black_strappy_round-neck_camisole.jpg,267,Comfortable camisole with a sleek design — perfect for layering or wearing solo.,https://www.ajio.com/penti-strappy-round-neck-camisole/p/460822237_black,black,Women,
Y-LONDON Floral Print Sheath Dress,2299,Clothing,Dresses,https://assets.ajio.com/medias/sys_master/root/20230719/VPSu/64b7f748eebac147fc7acd5c/y-london_blue_floral_print_sheath_dress.jpg,277,Elegant dress with a flattering silhouette — perfect for any occasion.,https://www.ajio.com/y-london-floral-print-sheath-dress/p/469371953_bluebeige,bluebeige,Women,
Y-LONDON Round-Neck Top with Lace Sleeves,1299,Clothing,Tops,https://assets.ajio.com/medias/sys_master/root/20221116/pzyX/6373def0aeb269659c8fede3/y-london_petrol_blue_round-neck_top_with_lace_sleeves.jpg,392,"Trendy top with a chic design — pairs well with jeans, skirts, or palazzos.",https://www.ajio.com/y-london-round-neck-top-with-lace-sleeves/p/469371639_petrol,petrol,Women,
TRENDYOL Leaf Print Sheath Dress with Frills,1799,Clothing,Dresses,https://assets.ajio.com/medias/sys_master/root/20221125/4pqQ/6380ebc6aeb269659cb64059/trendyol_pink_leaf_print_sheath_dress_with_frills.jpg,388,Elegant dress with a flattering silhouette — perfect for any occasion.,https://www.ajio.com/trendyol-leaf-print-sheath-dress-with-frills/p/469204835_pink,pink,Women,
Oxxo Mid-Rise Palazzo with Waist Tie-Up,1899,Clothing,Trousers & Pants,https://assets.ajio.com/medias/sys_master/root/20230518/qSBt/64665844d55b7d0c63c46107/oxxo_black_mid-rise_palazzo_with_waist_tie-up.jpg,223,Well-tailored trousers with a clean finish — ideal for formal and semi-formal occasions.,https://www.ajio.com/oxxo-mid-rise-palazzo-with-waist-tie-up/p/469151017_black,black,Women,
Barrels And Oil Placement Print Cropped Sweatshirt,1499,Clothing,Sweatshirt & Hoodies,https://assets.ajio.com/medias/sys_master/root/20221226/5KRq/63a94318f997ddfdbdf6916e/barrels_and_oil_blue_placement_print_cropped_sweatshirt.jpg,325,Comfortable everyday tee with relaxed fit and soft breathable fabric — perfect for casual wear.,https://www.ajio.com/barrels-and-oil-placement-print-cropped-sweatshirt/p/469047945_blue,blue,Men,
Barrels And Oil Washed Jacket with Buttoned Flap Pockets,3299,Clothing,Jackets & Coats,https://assets.ajio.com/medias/sys_master/root/20211126/PXU5/61a0fb46f997ddf8f11d2de6/barrels_and_oil_blue_washed_jacket_with_buttoned_flap_pockets.jpg,345,Stylish jacket with a modern cut — adds an instant edge to any outfit.,https://www.ajio.com/barrels-and-oil-washed-jacket-with-buttoned-flap-pockets/p/469047759_blue,blue,Women,
TALLY WEiJL Ribbed Square-Neck Bodycon Dress,1699,Clothing,Dresses,https://assets.ajio.com/medias/sys_master/root/20240613/ovTA/666cf5d61d763220fab9b906/tally_weijl_black_ribbed_square-neck_bodycon_dress.jpg,393,Elegant dress with a flattering silhouette — perfect for any occasion.,https://www.ajio.com/tally-weijl-ribbed-square-neck-bodycon-dress/p/469058913_black,black,Women,
Mavi Men Typographic Print Regular Fit Crew-Neck T-Shirt,1499,Clothing,Tshirts,https://assets.ajio.com/medias/sys_master/root/20240305/pl5F/65e72ec905ac7d77bb98961a/mavi_navy_blue_men_typographic_print_regular_fit_crew-neck_t-shirt.jpg,323,Comfortable everyday tee with relaxed fit and soft breathable fabric — perfect for casual wear.,https://www.ajio.com/mavi-men-typographic-print-regular-fit-crew-neck-t-shirt/p/469608449_navyblue,navyblue,Men,
Barrels And Oil Round-Neck Top with Chain Accent,1399,Clothing,Tops,https://assets.ajio.com/medias/sys_master/root/20230103/NmP6/63b44eb0aeb269659c21c05d/barrels_and_oil_purple_round-neck_top_with_chain_accent.jpg,309,"Trendy top with a chic design — pairs well with jeans, skirts, or palazzos.",https://www.ajio.com/barrels-and-oil-round-neck-top-with-chain-accent/p/460911206_lilac,lilac,Women,
TRENDYOL Colourblock Hoodie with Kangaroo Pocket,2599,Clothing,Sweatshirt & Hoodies,https://assets.ajio.com/medias/sys_master/root/20210903/8dU9/613141be7cdb8cb82414b4ba/trendyol_navy_blue_%26_red_colourblock_hoodie_with_kangaroo_pocket.jpg,306,Comfortable everyday tee with relaxed fit and soft breathable fabric — perfect for casual wear.,https://www.ajio.com/trendyol-colourblock-hoodie-with-kangaroo-pocket/p/460996162_navy,navy,Women,
Tom Tailor Round-Neck Sweatshirt with Drop-Shoulder Sleeves,2299,Clothing,Sweatshirt & Hoodies,https://assets.ajio.com/medias/sys_master/root/20230515/GhfC/646254b242f9e729d7873575/tom_tailor_blue_round-neck_sweatshirt_with_drop-shoulder_sleeves.jpg,285,Comfortable everyday tee with relaxed fit and soft breathable fabric — perfect for casual wear.,https://www.ajio.com/tom-tailor-round-neck-sweatshirt-with-drop-shoulder-sleeves/p/469356845_blue,blue,Women,
LC Waikiki Floral Print Shirt with Patch Pocket,1499,Clothing,Shirts,https://assets.ajio.com/medias/sys_master/root/20230612/1eNh/64873a90d55b7d0c63637d2b/lc_waikiki_blue_floral_print_shirt_with_patch_pocket.jpg,150,Classic regular-fit shirt with clean collar — versatile for both office and casual outings.,https://www.ajio.com/lc-waikiki-floral-print-shirt-with-patch-pocket/p/469252698_blue,blue,Women,
Koton Round-Neck Slim Fit Tank Top,1199,Clothing,Tops,https://assets.ajio.com/medias/sys_master/root/20220921/qpt3/632b3861aeb269dbb39d030d/koton_ecru_round-neck_slim_fit_tank_top.jpg,197,"Trendy top with a chic design — pairs well with jeans, skirts, or palazzos.",https://www.ajio.com/koton-round-neck-slim-fit-tank-top/p/469253207_ecru,ecru,Women,
Barrels And Oil Placement Print Crew-Neck Sweatshirt,1499,Clothing,Sweatshirt & Hoodies,https://assets.ajio.com/medias/sys_master/root/20221226/mcJI/63a9436df997ddfdbdf69c78/barrels_and_oil_black_placement_print_crew-neck_sweatshirt.jpg,162,Comfortable everyday tee with relaxed fit and soft breathable fabric — perfect for casual wear.,https://www.ajio.com/barrels-and-oil-placement-print-crew-neck-sweatshirt/p/469047807_black,black,Men,
Koton Fitted Strappy Sheath Dress,1399,Clothing,Dresses,https://assets.ajio.com/medias/sys_master/root/20230517/08eO/6464c52942f9e729d7908e1f/koton_anthracite_fitted_strappy_sheath_dress.jpg,312,Elegant dress with a flattering silhouette — perfect for any occasion.,https://www.ajio.com/koton-fitted-strappy-sheath-dress/p/469253049_anthracite,anthracite,Women,
I Saw It First Women Printed Fitted Crop Top,1699,Clothing,Tops,https://assets.ajio.com/medias/sys_master/root/20220912/Uia1/631f5bbdf997dd1f8df7c4fc/i_saw_it_first_white_%26_black_women_printed_fitted_crop_top.jpg,286,"Trendy top with a chic design — pairs well with jeans, skirts, or palazzos.",https://www.ajio.com/i-saw-it-first-women-printed-fitted-crop-top/p/469179998_white,white,Men,
LTB Shift Dress with Side Slit,1599,Clothing,Dresses,https://assets.ajio.com/medias/sys_master/root/20230914/uz7Z/65033e8cafa4cf41f5e61334/ltb_navy_blue_shift_dress_with_side_slit.jpg,297,Elegant dress with a flattering silhouette — perfect for any occasion.,https://www.ajio.com/ltb-shift-dress-with-side-slit/p/469359571_darknavy,darknavy,Women,
Xint Striped Button-Down Sheath Dress,2999,Clothing,Dresses,https://assets.ajio.com/medias/sys_master/root/20230914/SD7u/6503280cafa4cf41f5e52538/xint_grey_striped_button-down_sheath_dress.jpg,363,Elegant dress with a flattering silhouette — perfect for any occasion.,https://www.ajio.com/xint-striped-button-down-sheath-dress/p/469490393_grey,grey,Women,
Mavi Striped Shirt Top with Tie-Up Hemline,1799,Clothing,Tops,https://assets.ajio.com/medias/sys_master/root/20210528/75zq/60b10a11f997ddb312ad0f6c/mavi_blue_striped_shirt_top_with_tie-up_hemline.jpg,386,"Trendy top with a chic design — pairs well with jeans, skirts, or palazzos.",https://www.ajio.com/mavi-striped-shirt-top-with-tie-up-hemline/p/460900898_lightblue,lightblue,Women,
Oxxo Ruched Bootcut Pants with Waist Tie-Up,1899,Clothing,Trousers & Pants,https://assets.ajio.com/medias/sys_master/root/20230519/PzYE/64666f49d55b7d0c63c5287d/oxxo_hunter_green_ruched_bootcut_pants_with_waist_tie-up.jpg,349,Well-tailored trousers with a clean finish — ideal for formal and semi-formal occasions.,https://www.ajio.com/oxxo-ruched-bootcut-pants-with-waist-tie-up/p/469291297_green,green,Women,
Oxxo Knot-Front Top with Lace Trim,1699,Clothing,Tops,https://assets.ajio.com/medias/sys_master/root/20221125/PSky/63810055f997ddfdbd9f55bb/oxxo_cream_knot-front_top_with_lace_trim.jpg,217,"Trendy top with a chic design — pairs well with jeans, skirts, or palazzos.",https://www.ajio.com/oxxo-knot-front-top-with-lace-trim/p/469291489_cream,cream,Women,
Y-LONDON Striped Shirt Dress with Patch Pockets,2199,Clothing,Dresses,https://assets.ajio.com/medias/sys_master/root/20221115/x4Ur/6373b203aeb269659c8f166e/y-london_beige_striped_shirt_dress_with_patch_pockets.jpg,177,Elegant dress with a flattering silhouette — perfect for any occasion.,https://www.ajio.com/y-london-striped-shirt-dress-with-patch-pockets/p/469371997_beige,beige,Women,
Oxxo Skinny Pants with Insert Pockets,2299,Clothing,Trousers & Pants,https://assets.ajio.com/medias/sys_master/root/20230518/pz96/64665cdbd55b7d0c63c4af9e/oxxo_grey_skinny_pants_with_insert_pockets.jpg,257,Well-tailored trousers with a clean finish — ideal for formal and semi-formal occasions.,https://www.ajio.com/oxxo-skinny-pants-with-insert-pockets/p/469291382_grey,grey,Women,
Xint Crew Neck Regular Fit T-shirt,1599,Clothing,Tshirts,https://assets.ajio.com/medias/sys_master/root/20230914/Fx5D/6503361bddf7791519d98cdd/xint_off_white_crew_neck_regular_fit_t-shirt.jpg,321,Comfortable everyday tee with relaxed fit and soft breathable fabric — perfect for casual wear.,https://www.ajio.com/xint-crew-neck-regular-fit-t-shirt/p/469490543_yellow,yellow,Women,
Koton Ribbed Crew-Neck T-Shirt,1299,Clothing,Tshirts,https://assets.ajio.com/medias/sys_master/root/20230517/neRa/6464c43842f9e729d79087a4/koton_olive_ribbed_crew-neck_t-shirt.jpg,333,Comfortable everyday tee with relaxed fit and soft breathable fabric — perfect for casual wear.,https://www.ajio.com/koton-ribbed-crew-neck-t-shirt/p/460694425_khaki,khaki,Women,
Wknd Sheath Dress with Lace Inserts,1699,Clothing,Dresses,https://assets.ajio.com/medias/sys_master/root/20230601/rscl/64781f6ed55b7d0c632f8df9/wknd_pink_sheath_dress_with_lace_inserts.jpg,180,Elegant dress with a flattering silhouette — perfect for any occasion.,https://www.ajio.com/wknd-sheath-dress-with-lace-inserts/p/469403671_pink,pink,Women,
Mavi Women Brand Print Realxed Fit Crew-Neck T-Shirt,1299,Clothing,Tshirts,https://assets.ajio.com/medias/sys_master/root/20250123/uOaE/67923f09663dbe1c5ff7d12e/mavi_green_women_brand_print_realxed_fit_crew-neck_t-shirt.jpg,244,Comfortable everyday tee with relaxed fit and soft breathable fabric — perfect for casual wear.,https://www.ajio.com/mavi-women-brand-print-realxed-fit-crew-neck-t-shirt/p/469608557_green,green,Men,
Barrels And Oil Round-Neck Longline T-shirt with Side Slits,1499,Clothing,Tshirts,https://assets.ajio.com/medias/sys_master/root/20221226/aLcu/63a94196aeb269659c0aca40/barrels_and_oil_purple_round-neck_longline_t-shirt_with_side_slits.jpg,268,Comfortable everyday tee with relaxed fit and soft breathable fabric — perfect for casual wear.,https://www.ajio.com/barrels-and-oil-round-neck-longline-t-shirt-with-side-slits/p/460911184_lilac,lilac,Women,
TALLY WEiJL Sciffli Embroidered V-Neck Top,1699,Clothing,Tops,https://assets.ajio.com/medias/sys_master/root/20220722/3bzb/62d9a115aeb26921af8d7122/tally_weijl_black_sciffli_embroidered_v-neck_top.jpg,202,"Trendy top with a chic design — pairs well with jeans, skirts, or palazzos.",https://www.ajio.com/tally-weijl-sciffli-embroidered-v-neck-top/p/469159478_black,black,Women,
TALLY WEiJL V-Neck Crop Top,1399,Clothing,Tops,https://assets.ajio.com/medias/sys_master/root/20220722/Gn0H/62d99ff6aeb26921af8d6bfc/tally_weijl_black_v-neck_crop_top.jpg,181,"Trendy top with a chic design — pairs well with jeans, skirts, or palazzos.",https://www.ajio.com/tally-weijl-v-neck-crop-top/p/469231274_black,black,Women,
Glamorous Paisley Print A-line Dress,1799,Clothing,Dresses,https://assets.ajio.com/medias/sys_master/root/20230914/014V/65032078afa4cf41f5e4fa44/glamorous_red_paisley_print_a-line_dress.jpg,303,Elegant dress with a flattering silhouette — perfect for any occasion.,https://www.ajio.com/glamorous-paisley-print-a-line-dress/p/460971995_printed,printed,Women,
I Saw It First Off-Shoulder Fitted Top with Cutwork,1799,Clothing,Tops,https://assets.ajio.com/medias/sys_master/root/20220912/0ufF/631f5019f997dd1f8df76523/i_saw_it_first_blue_off-shoulder_fitted_top_with_cutwork.jpg,369,"Trendy top with a chic design — pairs well with jeans, skirts, or palazzos.",https://www.ajio.com/i-saw-it-first-off-shoulder-fitted-top-with-cutwork/p/469180042_cobalt,cobalt,Women,
Oxxo Round-Neck Bodycon Dress,1799,Clothing,Dresses,https://assets.ajio.com/medias/sys_master/root/20230518/dtQc/64666bf8d55b7d0c63c511c0/oxxo_black_round-neck_bodycon_dress.jpg,352,Elegant dress with a flattering silhouette — perfect for any occasion.,https://www.ajio.com/oxxo-round-neck-bodycon-dress/p/469291255_black,black,Women,
Barrels And Oil Cropped Hoodie with Back Cutout,1599,Clothing,Sweatshirt & Hoodies,https://assets.ajio.com/medias/sys_master/root/20221226/xF7r/63a94185f997ddfdbdf657bc/barrels_and_oil_black_cropped_hoodie_with_back_cutout.jpg,381,Comfortable everyday tee with relaxed fit and soft breathable fabric — perfect for casual wear.,https://www.ajio.com/barrels-and-oil-cropped-hoodie-with-back-cutout/p/469047850_black,black,Women,
Barrels And Oil Panelled Hoodie with Short Zip Placket,2599,Clothing,Sweatshirt & Hoodies,https://assets.ajio.com/medias/sys_master/root/20221226/ZAoX/63a942bcaeb269659c0af4af/barrels_and_oil_black_panelled_hoodie_with_short_zip_placket.jpg,358,Comfortable everyday tee with relaxed fit and soft breathable fabric — perfect for casual wear.,https://www.ajio.com/barrels-and-oil-panelled-hoodie-with-short-zip-placket/p/469047958_black,black,Women,
Hailys Textured V-neck Top,1699,Clothing,Tops,https://assets.ajio.com/medias/sys_master/root/20211208/1TZH/61b0cdb6f997ddf8f146fd64/hailys_pink_textured_v-neck_top.jpg,182,"Trendy top with a chic design — pairs well with jeans, skirts, or palazzos.",https://www.ajio.com/hailys-textured-v-neck-top/p/469054496_rose,rose,Women,
Penti Floral Print Camisole with Ruffled Panel,1399,Clothing,Camisoles & Slips,https://assets.ajio.com/medias/sys_master/root/20210820/iw88/611fd018aeb269a2687902d3/penti_white_floral_print_camisole_with_ruffled_panel.jpg,242,Comfortable camisole with a sleek design — perfect for layering or wearing solo.,https://www.ajio.com/penti-floral-print-camisole-with-ruffled-panel/p/460950601_mixture,mixture,Women,
Xint Striped V-Neck Fit & Flare Dress,2299,Clothing,Dresses,https://assets.ajio.com/medias/sys_master/root/20230914/sfLc/65033085afa4cf41f5e557a8/xint_beige_%26_white_striped_v-neck_fit_%26_flare_dress.jpg,261,Elegant dress with a flattering silhouette — perfect for any occasion.,https://www.ajio.com/xint-striped-v-neck-fit--flare-dress/p/469490382_beige,beige,Women,
TRENDYOL Printed Skater Dress,2199,Clothing,Dresses,https://assets.ajio.com/medias/sys_master/root/20221125/YrCm/6380f336f997ddfdbd9ecaa1/trendyol_peach_printed_skater_dress.jpg,340,Elegant dress with a flattering silhouette — perfect for any occasion.,https://www.ajio.com/trendyol-printed-skater-dress/p/469204708_multicolour,multicolour,Women,
Z-One Front-Open Cardigan with Drop-Shoulders,1399,Clothing,Sweaters & Cardigans,https://assets.ajio.com/medias/sys_master/root/20230522/TcH3/646b8995d55b7d0c63cdfa95/z-one_pink_front-open_cardigan_with_drop-shoulders.jpg,279,Premium quality Sweaters & Cardigans at an unbeatable discounted price — grab it before stock runs out.,https://www.ajio.com/z-one-front-open-cardigan-with-drop-shoulders/p/469058281_rose,rose,Women,
Z-One Floral Print V-neck Top,1399,Clothing,Tops,https://assets.ajio.com/medias/sys_master/root/20221010/3qZJ/63443e51f997ddfdbd188335/z-one_black_floral_print_v-neck_top.jpg,280,"Trendy top with a chic design — pairs well with jeans, skirts, or palazzos.",https://www.ajio.com/z-one-floral-print-v-neck-top/p/469058293_black,black,Women,
Mavi Men Regular Fit Crew-Neck T-Shirt,1499,Clothing,Tshirts,https://assets.ajio.com/medias/sys_master/root/20240305/b78A/65e72dea05ac7d77bb989034/mavi_navy_blue_men_regular_fit_crew-neck_t-shirt.jpg,359,Comfortable everyday tee with relaxed fit and soft breathable fabric — perfect for casual wear.,https://www.ajio.com/mavi-men-regular-fit-crew-neck-t-shirt/p/469608438_navyblue,navyblue,Men,
Z-One Washed Slim Fit Jeans with Appliques,2799,Clothing,Jeans & Jeggings,https://assets.ajio.com/medias/sys_master/root/20221010/YhcY/63443fb0aeb269659c3545a7/z-one_black_washed_slim_fit_jeans_with_appliques.jpg,391,Stylish jeans with a comfortable fit and durable fabric — a wardrobe essential.,https://www.ajio.com/z-one-washed-slim-fit-jeans-with-appliques/p/469058298_denimglmel,denimglmel,Women,
Na-kd Scoop-Neck Top & Skirt Set,2599,Clothing,Night&LoungeWearSets,https://assets.ajio.com/medias/sys_master/root/20221125/xGRP/6380eacaaeb269659cb63640/na-kd_green_scoop-neck_top_%26_skirt_set.jpg,226,Premium quality Night&LoungeWearSets at an unbeatable discounted price — grab it before stock runs out.,https://www.ajio.com/na-kd-scoop-neck-top--skirt-set/p/469215450_green,green,Women,
Barrels And Oil Graphic Print Crew-Neck Sweatshirt,1499,Clothing,Sweatshirt & Hoodies,https://assets.ajio.com/medias/sys_master/root/20221226/u7H9/63a9433eaeb269659c0b058c/barrels_and_oil_white_graphic_print_crew-neck_sweatshirt.jpg,310,Comfortable everyday tee with relaxed fit and soft breathable fabric — perfect for casual wear.,https://www.ajio.com/barrels-and-oil-graphic-print-crew-neck-sweatshirt/p/469047946_ecru,ecru,Women,
I Saw It First High-Neck Flared Playsuit,1799,Clothing,Jumpsuits &Playsuits,https://assets.ajio.com/medias/sys_master/root/20220912/7R2G/631f4825aeb269dbb3838aef/i_saw_it_first_blue_high-neck_flared_playsuit.jpg,378,Premium quality Jumpsuits &Playsuits at an unbeatable discounted price — grab it before stock runs out.,https://www.ajio.com/i-saw-it-first-high-neck-flared-playsuit/p/469179905_skyblue,skyblue,Women,
SOULSTAR Colourblock Crew-Neck Sweatshirt with Patch Pocket,1599,Clothing,Sweatshirt & Hoodies,https://assets.ajio.com/medias/sys_master/root/20221010/c18Y/6344319ff997ddfdbd17edbf/soulstar_black_colourblock_crew-neck_sweatshirt_with_patch_pocket.jpg,285,Comfortable everyday tee with relaxed fit and soft breathable fabric — perfect for casual wear.,https://www.ajio.com/soulstar-colourblock-crew-neck-sweatshirt-with-patch-pocket/p/469018025_black,black,Women,
Koton Shirt with Concealed Placket,1999,Clothing,Shirts,https://assets.ajio.com/medias/sys_master/root/20230517/61h5/6464d1d2d55b7d0c63bd6862/koton_off-white_shirt_with_concealed_placket.jpg,369,Classic regular-fit shirt with clean collar — versatile for both office and casual outings.,https://www.ajio.com/koton-shirt-with-concealed-placket/p/469388709_offwhite,offwhite,Women,
TRENDYOL Colourblock Hoodie with Kangaroo Pocket,2599,Clothing,Sweatshirt & Hoodies,https://assets.ajio.com/medias/sys_master/root/20210903/tFDf/613144887cdb8cb82414beca/trendyol_red_colourblock_hoodie_with_kangaroo_pocket.jpg,181,Comfortable everyday tee with relaxed fit and soft breathable fabric — perfect for casual wear.,https://www.ajio.com/trendyol-colourblock-hoodie-with-kangaroo-pocket/p/460996162_red,red,Women,
Mavi Men Graphic Print Regular Fit Round-Neck T-Shirt,1399,Clothing,Tshirts,https://assets.ajio.com/medias/sys_master/root/20240304/4Lhv/65e5e37605ac7d77bb952c89/mavi_white_men_graphic_print_regular_fit_round-neck_t-shirt.jpg,306,Comfortable everyday tee with relaxed fit and soft breathable fabric — perfect for casual wear.,https://www.ajio.com/mavi-men-graphic-print-regular-fit-round-neck-t-shirt/p/469608478_white,white,Men,
Grimelange Slim Fit Knot-Front Bodycon Dress,1399,Clothing,Dresses,https://assets.ajio.com/medias/sys_master/root/20230517/pRuc/6464d79e42f9e729d791592e/grimelange_yellow_slim_fit_knot-front_bodycon_dress.jpg,159,Elegant dress with a flattering silhouette — perfect for any occasion.,https://www.ajio.com/grimelange-slim-fit-knot-front-bodycon-dress/p/469209274_yellow,yellow,Women,
Oxxo Straight Fit Flat-Front Trousers,1999,Clothing,Trousers & Pants,https://assets.ajio.com/medias/sys_master/root/20230518/j3hu/64665caad55b7d0c63c4abc8/oxxo_tulipa_straight_fit_flat-front_trousers.jpg,258,Well-tailored trousers with a clean finish — ideal for formal and semi-formal occasions.,https://www.ajio.com/oxxo-straight-fit-flat-front-trousers/p/469290966_lightbrown,lightbrown,Women,
Mavi Men Graphic Print Regular Fit Round-Neck T-Shirt,1399,Clothing,Tshirts,https://assets.ajio.com/medias/sys_master/root/20240304/DRzJ/65e5dd4d16fd2c6e6a397f3c/mavi_black_men_graphic_print_regular_fit_round-neck_t-shirt.jpg,281,Comfortable everyday tee with relaxed fit and soft breathable fabric — perfect for casual wear.,https://www.ajio.com/mavi-men-graphic-print-regular-fit-round-neck-t-shirt/p/469608477_black,black,Men,
Zabaione Crochet V-neck Pullover,2599,Clothing,Sweaters & Cardigans,https://assets.ajio.com/medias/sys_master/root/20211224/ZIVI/61c4c2aaaeb26901101a2c3d/zabaione_grey_crochet_v-neck_pullover.jpg,227,Premium quality Sweaters & Cardigans at an unbeatable discounted price — grab it before stock runs out.,https://www.ajio.com/zabaione-crochet-v-neck-pullover/p/469058190_grey,grey,Women,
Koton Ribbed Slim Fit Crop Top,1199,Clothing,Tops,https://assets.ajio.com/medias/sys_master/root/20230517/EDNm/6464d75042f9e729d7914cb5/koton_brown_ribbed_slim_fit_crop_top.jpg,192,"Trendy top with a chic design — pairs well with jeans, skirts, or palazzos.",https://www.ajio.com/koton-ribbed-slim-fit-crop-top/p/469388587_brown,brown,Women,
Oxxo Slim Fit Round-Neck Sleeveless Tank Top,1499,Clothing,Tops,https://assets.ajio.com/medias/sys_master/root/20230519/OTrJ/6466893cd55b7d0c63c5fbe9/oxxo_purple_slim_fit_round-neck_sleeveless_tank_top.jpg,310,"Trendy top with a chic design — pairs well with jeans, skirts, or palazzos.",https://www.ajio.com/oxxo-slim-fit-round-neck-sleeveless-tank-top/p/469150982_ltyellow,ltyellow,Women,
Colin's Hoodie with Kangaroo Pocket,2299,Clothing,Sweatshirt & Hoodies,https://assets.ajio.com/medias/sys_master/root/20230516/id47/646395e8d55b7d0c63b959b2/colin%27s_black_hoodie_with_kangaroo_pocket.jpg,196,Comfortable everyday tee with relaxed fit and soft breathable fabric — perfect for casual wear.,https://www.ajio.com/colin-s-hoodie-with-kangaroo-pocket/p/469348095_black,black,Women,
Barrels And Oil Placement Print Crew-Neck Sweatshirt,1499,Clothing,Sweatshirt & Hoodies,https://assets.ajio.com/medias/sys_master/root/20221226/HozZ/63a940b1aeb269659c0aa7a4/barrels_and_oil_grey_placement_print_crew-neck_sweatshirt.jpg,392,Comfortable everyday tee with relaxed fit and soft breathable fabric — perfect for casual wear.,https://www.ajio.com/barrels-and-oil-placement-print-crew-neck-sweatshirt/p/469047804_gray,gray,Men,
Oxxo Striped Slim Fit Pants with Insert Pockets,2599,Clothing,Trousers & Pants,https://assets.ajio.com/medias/sys_master/root/20221125/inul/6380ff60aeb269659cb6fd20/oxxo_white_%26_blue_striped_slim_fit_pants_with_insert_pockets.jpg,377,Well-tailored trousers with a clean finish — ideal for formal and semi-formal occasions.,https://www.ajio.com/oxxo-striped-slim-fit-pants-with-insert-pockets/p/469291226_blue,blue,Women,
Glamorous Floral Print Crop Top,1799,Clothing,Tops,https://assets.ajio.com/medias/sys_master/root/20230914/a63J/650321f6ddf7791519d89db2/glamorous_beige_floral_print_crop_top.jpg,387,"Trendy top with a chic design — pairs well with jeans, skirts, or palazzos.",https://www.ajio.com/glamorous-floral-print-crop-top/p/460971893_green,green,Women,
Y-LONDON Strappy Off-Shoulder A-Line Dress,2299,Clothing,Dresses,https://assets.ajio.com/medias/sys_master/root/20221115/uCbJ/6373a98ef997ddfdbd7620e6/y-london_pink_strappy_off-shoulder_a-line_dress.jpg,372,Elegant dress with a flattering silhouette — perfect for any occasion.,https://www.ajio.com/y-london-strappy-off-shoulder-a-line-dress/p/469371961_pink,pink,Women,
Y-LONDON A-Line Dress with Belt,2299,Clothing,Dresses,https://assets.ajio.com/medias/sys_master/root/20221114/fjpA/63727958f997ddfdbd738015/y-london_blue_a-line_dress_with_belt.jpg,250,Elegant dress with a flattering silhouette — perfect for any occasion.,https://www.ajio.com/y-london-a-line-dress-with-belt/p/469371979_blue,blue,Women,
Y-LONDON Jumpsuit with Button Accents,2799,Clothing,Jumpsuits &Playsuits,https://assets.ajio.com/medias/sys_master/root/20221115/yc1Z/6373d074f997ddfdbd7700a3/y-london_ecru_white_jumpsuit_with_button_accents.jpg,355,Premium quality Jumpsuits &Playsuits at an unbeatable discounted price — grab it before stock runs out.,https://www.ajio.com/y-london-jumpsuit-with-button-accents/p/469372043_ecru,ecru,Women,
Mavi Women Typographic Print Fitted Crew-Neck T-Shirt,999,Clothing,Tshirts,https://assets.ajio.com/medias/sys_master/root/20240305/2kTZ/65e7312405ac7d77bb98a1fa/mavi_white_women_typographic_print_fitted_crew-neck_t-shirt.jpg,309,Comfortable everyday tee with relaxed fit and soft breathable fabric — perfect for casual wear.,https://www.ajio.com/mavi-women-typographic-print-fitted-crew-neck-t-shirt/p/469608527_white,white,Men,
Hailys Schiffli Off-Shoulder Top,1299,Clothing,Tops,https://assets.ajio.com/medias/sys_master/root/20211208/TgVC/61aff427aeb269011002ba2f/hailys_white_schiffli_off-shoulder_top.jpg,364,"Trendy top with a chic design — pairs well with jeans, skirts, or palazzos.",https://www.ajio.com/hailys-schiffli-off-shoulder-top/p/469054366_white,white,Women,
Oxxo Ribbed Strappy Top with Cutout,1399,Clothing,Tops,https://assets.ajio.com/medias/sys_master/root/20221125/uACk/6380e635aeb269659cb60dd3/oxxo_white_ribbed_strappy_top_with_cutout.jpg,188,"Trendy top with a chic design — pairs well with jeans, skirts, or palazzos.",https://www.ajio.com/oxxo-ribbed-strappy-top-with-cutout/p/469291505_white,white,Women,
Oxxo Mid-Rise Skinny Fit Jeans,1999,Clothing,Jeans & Jeggings,https://assets.ajio.com/medias/sys_master/root/20221125/NyIT/6380e279f997ddfdbd9e29ec/oxxo_black_mid-rise_skinny_fit_jeans.jpg,209,Stylish jeans with a comfortable fit and durable fabric — a wardrobe essential.,https://www.ajio.com/oxxo-mid-rise-skinny-fit-jeans/p/469291035_black,black,Women,
Koton Ruched Fitted Crop Top,1199,Clothing,Tops,https://assets.ajio.com/medias/sys_master/root/20240318/1kpH/65f8693f05ac7d77bbc2191a/koton_mustard_ruched_fitted_crop_top.jpg,267,"Trendy top with a chic design — pairs well with jeans, skirts, or palazzos.",https://www.ajio.com/koton-ruched-fitted-crop-top/p/469388637_mustard,mustard,Women,
TRENDYOL Hoodie with Kangaroo Pocket,2099,Clothing,Sweatshirt & Hoodies,https://assets.ajio.com/medias/sys_master/root/20210903/serx/61312ca47cdb8cb824147779/trendyol_grey_hoodie_with_kangaroo_pocket.jpg,221,Comfortable everyday tee with relaxed fit and soft breathable fabric — perfect for casual wear.,https://www.ajio.com/trendyol-hoodie-with-kangaroo-pocket/p/460996137_gray,gray,Women,
TRENDYOL Graphic Print Hoodie,2499,Clothing,Sweatshirt & Hoodies,https://assets.ajio.com/medias/sys_master/root/20221012/iiWv/6346dba6aeb269659c40042c/trendyol_pink_graphic_print_hoodie.jpg,309,Comfortable everyday tee with relaxed fit and soft breathable fabric — perfect for casual wear.,https://www.ajio.com/trendyol-graphic-print-hoodie/p/469038662_rose,rose,Women,
TRENDYOL Sweatshirt with Contrast Taping,2199,Clothing,Sweatshirt & Hoodies,https://assets.ajio.com/medias/sys_master/root/20210903/mQK7/6131457c7cdb8cb82414c19c/trendyol_grey_sweatshirt_with_contrast_taping.jpg,214,Comfortable everyday tee with relaxed fit and soft breathable fabric — perfect for casual wear.,https://www.ajio.com/trendyol-sweatshirt-with-contrast-taping/p/460995800_gray,gray,Women,
Barrels And Oil Round-Neck Top with Chain Accent,1399,Clothing,Tops,https://assets.ajio.com/medias/sys_master/root/20210716/zS4p/60f1a565f997ddb3122921e9/barrels_and_oil_green_round-neck_top_with_chain_accent.jpg,304,"Trendy top with a chic design — pairs well with jeans, skirts, or palazzos.",https://www.ajio.com/barrels-and-oil-round-neck-top-with-chain-accent/p/460911207_mint,mint,Women,
Xint Playsuit with Belt,2999,Clothing,Jumpsuits &Playsuits,https://assets.ajio.com/medias/sys_master/root/20230914/kKLE/65031be6afa4cf41f5e4de34/xint_grey_playsuit_with_belt.jpg,174,Premium quality Jumpsuits &Playsuits at an unbeatable discounted price — grab it before stock runs out.,https://www.ajio.com/xint-playsuit-with-belt/p/469490398_darkgrey,darkgrey,Women,
Glamorous Floral Print Sheath Dress,3199,Clothing,Dresses,https://assets.ajio.com/medias/sys_master/root/20230914/yhfe/65031db6ddf7791519d881b4/glamorous_blue_floral_print_sheath_dress.jpg,163,Elegant dress with a flattering silhouette — perfect for any occasion.,https://www.ajio.com/glamorous-floral-print-sheath-dress/p/460918883_printed,printed,Women,
Oxxo Slim Fit City Shorts with Insert Pockets,1699,Clothing,Shorts,https://assets.ajio.com/medias/sys_master/root/20220912/83Dv/631f5806aeb269dbb384073e/oxxo_yellow_slim_fit_city_shorts_with_insert_pockets.jpg,400,Comfortable shorts in breathable fabric — great for casual outings and lounging.,https://www.ajio.com/oxxo-slim-fit-city-shorts-with-insert-pockets/p/469194977_yellow,yellow,Women,
Hailys Tank Top with Lace Accent,1299,Clothing,Tops,https://assets.ajio.com/medias/sys_master/root/20230517/ca76/6464bd32d55b7d0c63bc8979/hailys_henna_brown_tank_top_with_lace_accent.jpg,294,"Trendy top with a chic design — pairs well with jeans, skirts, or palazzos.",https://www.ajio.com/hailys-tank-top-with-lace-accent/p/469313843_henna,henna,Women,
Koton Floral Print Crew-Neck Crop T-shirt,1099,Clothing,Tshirts,https://assets.ajio.com/medias/sys_master/root/20220921/j9Ki/632b27f6f997dd1f8d1180f5/koton_black_floral_print_crew-neck_crop_t-shirt.jpg,345,Comfortable everyday tee with relaxed fit and soft breathable fabric — perfect for casual wear.,https://www.ajio.com/koton-floral-print-crew-neck-crop-t-shirt/p/469253284_black,black,Women,
LC Waikiki Striped Top with Sweetheart Neckline,1199,Clothing,Tops,https://assets.ajio.com/medias/sys_master/root/20221125/E92K/6380f4abaeb269659cb68f75/lc_waikiki_beige_striped_top_with_sweetheart_neckline.jpg,200,"Trendy top with a chic design — pairs well with jeans, skirts, or palazzos.",https://www.ajio.com/lc-waikiki-striped-top-with-sweetheart-neckline/p/469207539_beige,beige,Women,
Koton Cowl-Neck A-Line Dress,3299,Clothing,Dresses,https://assets.ajio.com/medias/sys_master/root/20230517/JVkR/6464d254d55b7d0c63bd6f4f/koton_black_cowl-neck_a-line_dress.jpg,300,Elegant dress with a flattering silhouette — perfect for any occasion.,https://www.ajio.com/koton-cowl-neck-a-line-dress/p/469388695_black,black,Women,
TRENDYOL Round-Neck Fit & Flare Dress with Cutout,1999,Clothing,Dresses,https://assets.ajio.com/medias/sys_master/root/20221125/c1iq/6380f782f997ddfdbd9ef2d7/trendyol_black_round-neck_fit_%26_flare_dress_with_cutout.jpg,359,Elegant dress with a flattering silhouette — perfect for any occasion.,https://www.ajio.com/trendyol-round-neck-fit--flare-dress-with-cutout/p/469304749_black,black,Women,
Mavi Men Printed Regular Fit Crew-Neck T-Shirt,1399,Clothing,Tshirts,https://assets.ajio.com/medias/sys_master/root/20240305/qEzJ/65e7302f16fd2c6e6a3d1f0b/mavi_blue_men_printed_regular_fit_crew-neck_t-shirt.jpg,206,Comfortable everyday tee with relaxed fit and soft breathable fabric — perfect for casual wear.,https://www.ajio.com/mavi-men-printed-regular-fit-crew-neck-t-shirt/p/469608441_royalblue,royalblue,Men,
Y-LONDON Floral Print Wrap Dress,2299,Clothing,Dresses,https://assets.ajio.com/medias/sys_master/root/20221115/Y7oy/6373c536f997ddfdbd76bae6/y-london_blue_floral_print_wrap_dress.jpg,259,Elegant dress with a flattering silhouette — perfect for any occasion.,https://www.ajio.com/y-london-floral-print-wrap-dress/p/469371949_blue,blue,Women,
TRENDYOL Hoodie with Doctor Sleeves,2199,Clothing,Sweatshirt & Hoodies,https://assets.ajio.com/medias/sys_master/root/20221012/nSpJ/6346d251f997ddfdbd237a0c/trendyol_black_hoodie_with_doctor_sleeves.jpg,245,Comfortable everyday tee with relaxed fit and soft breathable fabric — perfect for casual wear.,https://www.ajio.com/trendyol-hoodie-with-doctor-sleeves/p/469038649_black,black,Women,
I Saw It First Crop Top & V-wrap Waist Leggings Co-Ord Set,1799,Clothing,Suit Sets,https://assets.ajio.com/medias/sys_master/root/20220912/dkby/631f5979f997dd1f8df7b521/i_saw_it_first_black_crop_top_%26_v-wrap_waist_leggings_co-ord_set.jpg,166,Premium quality Suit Sets at an unbeatable discounted price — grab it before stock runs out.,https://www.ajio.com/i-saw-it-first-crop-top--v-wrap-waist-leggings-co-ord-set/p/469180010_black,black,Women,
Mavi Men Printed Regular Fit Crew-Neck T-Shirt,1299,Clothing,Tshirts,https://assets.ajio.com/medias/sys_master/root/20240305/yNw8/65e72e5705ac7d77bb98937b/mavi_black_men_printed_regular_fit_crew-neck_t-shirt.jpg,291,Comfortable everyday tee with relaxed fit and soft breathable fabric — perfect for casual wear.,https://www.ajio.com/mavi-men-printed-regular-fit-crew-neck-t-shirt/p/469608446_black,black,Men,
Colin's Hoodie with Kangaroo Pocket,2299,Clothing,Sweatshirt & Hoodies,https://assets.ajio.com/medias/sys_master/root/20230516/ZEb9/6463a630d55b7d0c63b9bc22/colin%27s_green_hoodie_with_kangaroo_pocket.jpg,381,Comfortable everyday tee with relaxed fit and soft breathable fabric — perfect for casual wear.,https://www.ajio.com/colin-s-hoodie-with-kangaroo-pocket/p/469348095_green,green,Women,
Mavi Men Typographic Print Regular Fit Crew-Neck T-Shirt,1399,Clothing,Tshirts,https://assets.ajio.com/medias/sys_master/root/20240305/NeiZ/65e72e5216fd2c6e6a3d13e9/mavi_blue_men_typographic_print_regular_fit_crew-neck_t-shirt.jpg,275,Comfortable everyday tee with relaxed fit and soft breathable fabric — perfect for casual wear.,https://www.ajio.com/mavi-men-typographic-print-regular-fit-crew-neck-t-shirt/p/469608457_blue,blue,Men,
Glamorous Floral Print Tiered Dress with Cuffed Sleeves,2999,Clothing,Dresses,https://assets.ajio.com/medias/sys_master/root/20230914/80Du/65032628afa4cf41f5e51c0c/glamorous_pink_floral_print_tiered_dress_with_cuffed_sleeves.jpg,378,Elegant dress with a flattering silhouette — perfect for any occasion.,https://www.ajio.com/glamorous-floral-print-tiered-dress-with-cuffed-sleeves/p/460971942_printed,printed,Women,
Oxxo Ribbed V-neck Top with Smocked Hem,1499,Clothing,Tops,https://assets.ajio.com/medias/sys_master/root/20230518/pBwn/6466442742f9e729d797d0b7/oxxo_yellow_ribbed_v-neck_top_with_smocked_hem.jpg,367,"Trendy top with a chic design — pairs well with jeans, skirts, or palazzos.",https://www.ajio.com/oxxo-ribbed-v-neck-top-with-smocked-hem/p/469151015_ltyellow,ltyellow,Women,
I Saw It First Trucker Jacket with Flap Pockets,2499,Clothing,Jackets & Coats,https://assets.ajio.com/medias/sys_master/root/20230517/Z7d9/6464ed7642f9e729d791b7c8/i_saw_it_first_sage_green_trucker_jacket_with_flap_pockets.jpg,257,Stylish jacket with a modern cut — adds an instant edge to any outfit.,https://www.ajio.com/i-saw-it-first-trucker-jacket-with-flap-pockets/p/469389101_sage,sage,Women,
Glamorous A-line Dress with Spread Collar,2599,Clothing,Dresses,https://assets.ajio.com/medias/sys_master/root/20230914/MnVa/65032e15afa4cf41f5e547e1/glamorous_maroon_a-line_dress_with_spread_collar.jpg,283,Elegant dress with a flattering silhouette — perfect for any occasion.,https://www.ajio.com/glamorous-a-line-dress-with-spread-collar/p/460971897_wine,wine,Women,
Oxxo V-neck Tie-Front Top,1899,Clothing,Tops,https://assets.ajio.com/medias/sys_master/root/20221125/xLiu/6380df9ff997ddfdbd9e0f01/oxxo_beige_v-neck_tie-front_top.jpg,371,"Trendy top with a chic design — pairs well with jeans, skirts, or palazzos.",https://www.ajio.com/oxxo-v-neck-tie-front-top/p/469291403_beige,beige,Women,
TRENDYOL Shift Dress with Notched Lapel,2299,Clothing,Dresses,https://assets.ajio.com/medias/sys_master/root/20230518/afl9/6466485ed55b7d0c63c40556/trendyol_blue_shift_dress_with_notched_lapel.jpg,303,Elegant dress with a flattering silhouette — perfect for any occasion.,https://www.ajio.com/trendyol-shift-dress-with-notched-lapel/p/460848729_navyblue,navyblue,Women,
Y-LONDON Strappy Off-Shoulder A-Line Dress,2299,Clothing,Dresses,https://assets.ajio.com/medias/sys_master/root/20221114/zWtg/637263b5aeb269659c8becb0/y-london_pink_strappy_off-shoulder_a-line_dress.jpg,321,Elegant dress with a flattering silhouette — perfect for any occasion.,https://www.ajio.com/y-london-strappy-off-shoulder-a-line-dress/p/469371961_fuchsia,fuchsia,Women,
Y-LONDON Ruffled Jumpsuit with Button Placket,2799,Clothing,Jumpsuits &Playsuits,https://assets.ajio.com/medias/sys_master/root/20221116/Drwo/6373e072f997ddfdbd77531a/y-london_brown_ruffled_jumpsuit_with_button_placket.jpg,250,Premium quality Jumpsuits &Playsuits at an unbeatable discounted price — grab it before stock runs out.,https://www.ajio.com/y-london-ruffled-jumpsuit-with-button-placket/p/469372063_taupe,taupe,Women,
Oxxo Reptilian Pattern Straight Skirt,2299,Clothing,Skirts,https://assets.ajio.com/medias/sys_master/root/20221125/juUA/6380eb36f997ddfdbd9e7d49/oxxo_black_reptilian_pattern_straight_skirt.jpg,236,Premium quality Skirts at an unbeatable discounted price — grab it before stock runs out.,https://www.ajio.com/oxxo-reptilian-pattern-straight-skirt/p/469291113_black,black,Women,
Mavi Women Graphic Print Regular Fit Round-Neck T-Shirt,1199,Clothing,Tshirts,https://assets.ajio.com/medias/sys_master/root/20240305/IwQx/65e72d7e16fd2c6e6a3d10c0/mavi_white_women_graphic_print_regular_fit_round-neck_t-shirt.jpg,359,Comfortable everyday tee with relaxed fit and soft breathable fabric — perfect for casual wear.,https://www.ajio.com/mavi-women-graphic-print-regular-fit-round-neck-t-shirt/p/469608555_white,white,Men,
Mavi Men Typographic Print Regular Fit Crew-Neck T-Shirt,1399,Clothing,Tshirts,https://assets.ajio.com/medias/sys_master/root/20240305/RmTS/65e72d7605ac7d77bb988f19/mavi_black_men_typographic_print_regular_fit_crew-neck_t-shirt.jpg,371,Comfortable everyday tee with relaxed fit and soft breathable fabric — perfect for casual wear.,https://www.ajio.com/mavi-men-typographic-print-regular-fit-crew-neck-t-shirt/p/469608452_black,black,Men,
Oxxo Hoodie with Concealed Placket,2999,Clothing,Jackets & Coats,https://assets.ajio.com/medias/sys_master/root/20230518/VKAq/646651a142f9e729d798287a/oxxo_yellow_hoodie_with_concealed_placket.jpg,385,Stylish jacket with a modern cut — adds an instant edge to any outfit.,https://www.ajio.com/oxxo-hoodie-with-concealed-placket/p/469291329_yellow,yellow,Women,
TALLY WEiJL Lace Crop Top,1499,Clothing,Tops,https://assets.ajio.com/medias/sys_master/root/20220722/H0wb/62d99df4aeb26921af8d6594/tally_weijl_blue_lace_crop_top.jpg,185,"Trendy top with a chic design — pairs well with jeans, skirts, or palazzos.",https://www.ajio.com/tally-weijl-lace-crop-top/p/469231264_blue,blue,Women,
Oxxo Halter-Neck Fit & Flare Dress,3099,Clothing,Dresses,https://assets.ajio.com/medias/sys_master/root/20221125/5A8R/6380e6a8f997ddfdbd9e5379/oxxo_white_halter-neck_fit_%26_flare_dress.jpg,371,Elegant dress with a flattering silhouette — perfect for any occasion.,https://www.ajio.com/oxxo-halter-neck-fit--flare-dress/p/469291200_white,white,Women,
Colin's Slim Fit Turtleneck Pullover,2299,Clothing,Sweaters & Cardigans,https://assets.ajio.com/medias/sys_master/root/20230516/2lhE/6463bdbdd55b7d0c63ba5b98/colin%27s_blue_slim_fit_turtleneck_pullover.jpg,145,Premium quality Sweaters & Cardigans at an unbeatable discounted price — grab it before stock runs out.,https://www.ajio.com/colin-s-slim-fit-turtleneck-pullover/p/469347867_bluemelange,bluemelange,Women,
Y-LONDON Striped Sheath Dress with Insert Pockets,2299,Clothing,Dresses,https://assets.ajio.com/medias/sys_master/root/20221115/PZgc/6373ad56f997ddfdbd76347f/y-london_white_striped_sheath_dress_with_insert_pockets.jpg,310,Elegant dress with a flattering silhouette — perfect for any occasion.,https://www.ajio.com/y-london-striped-sheath-dress-with-insert-pockets/p/469371967_whitebeige,whitebeige,Women,
Oxxo Hooded Trench Coat with Flap Pockets,3299,Clothing,Jackets & Coats,https://assets.ajio.com/medias/sys_master/root/20230518/vz75/64665323d55b7d0c63c441fa/oxxo_yellow_hooded_trench_coat_with_flap_pockets.jpg,288,Stylish jacket with a modern cut — adds an instant edge to any outfit.,https://www.ajio.com/oxxo-hooded-trench-coat-with-flap-pockets/p/469291328_yellow,yellow,Women,
Oxxo Floral Print Strappy A-line Dress,3299,Clothing,Dresses,https://assets.ajio.com/medias/sys_master/root/20221125/Yr9P/6380d821aeb269659cb58bff/oxxo_maroon_floral_print_strappy_a-line_dress.jpg,165,Elegant dress with a flattering silhouette — perfect for any occasion.,https://www.ajio.com/oxxo-floral-print-strappy-a-line-dress/p/469290964_purple,purple,Women,
I Saw It First Splodge Print Front Split Midi Skirt,1799,Clothing,Skirts,https://assets.ajio.com/medias/sys_master/root/20220912/eK97/631f500eaeb269dbb383c647/i_saw_it_first_green_splodge_print_front_split_midi_skirt.jpg,388,Premium quality Skirts at an unbeatable discounted price — grab it before stock runs out.,https://www.ajio.com/i-saw-it-first-splodge-print-front-split-midi-skirt/p/469179920_green,green,Women,
Mavi Men Graphic Print Regular Fit Round-Neck T-Shirt,1399,Clothing,Tshirts,https://assets.ajio.com/medias/sys_master/root/20240304/4xQi/65e5dcd516fd2c6e6a397b32/mavi_white_men_graphic_print_regular_fit_round-neck_t-shirt.jpg,225,Comfortable everyday tee with relaxed fit and soft breathable fabric — perfect for casual wear.,https://www.ajio.com/mavi-men-graphic-print-regular-fit-round-neck-t-shirt/p/469608479_white,white,Men,
LC Waikiki Printed Sleeveless Halter-Neck Top,1499,Clothing,Tops,https://assets.ajio.com/medias/sys_master/root/20221012/ihjp/6346dd15f997ddfdbd23d213/lc_waikiki_off-white_%26_green_printed_sleeveless_halter-neck_top.jpg,297,"Trendy top with a chic design — pairs well with jeans, skirts, or palazzos.",https://www.ajio.com/lc-waikiki-printed-sleeveless-halter-neck-top/p/469231065_green,green,Women,
Mavi Men Regular Fit Crew-Neck T-Shirt,1499,Clothing,Tshirts,https://assets.ajio.com/medias/sys_master/root/20240305/XB9L/65e7302b16fd2c6e6a3d1e53/mavi_white_men_regular_fit_crew-neck_t-shirt.jpg,273,Comfortable everyday tee with relaxed fit and soft breathable fabric — perfect for casual wear.,https://www.ajio.com/mavi-men-regular-fit-crew-neck-t-shirt/p/469608460_white,white,Men,
Xint Embellished Bodycon Dress,2499,Clothing,Dresses,https://assets.ajio.com/medias/sys_master/root/20230914/lVET/65032889afa4cf41f5e5274c/xint_black_embellished_bodycon_dress.jpg,266,Elegant dress with a flattering silhouette — perfect for any occasion.,https://www.ajio.com/xint-embellished-bodycon-dress/p/469396151_black,black,Women,
Koton Knitted Round-Neck T-shirt,1099,Clothing,Tshirts,https://assets.ajio.com/medias/sys_master/root/20220912/QakL/631f5633f997dd1f8df79b21/koton_white_knitted_round-neck_t-shirt.jpg,175,Comfortable everyday tee with relaxed fit and soft breathable fabric — perfect for casual wear.,https://www.ajio.com/koton-knitted-round-neck-t-shirt/p/469167826_offwhite,offwhite,Women,
Mavi Women Lightly Washed Bootcut Jeans,3199,Clothing,Jeans & Jeggings,https://assets.ajio.com/medias/sys_master/root/20240304/ClsJ/65e5e09516fd2c6e6a39938a/mavi_blue_women_lightly_washed_bootcut_jeans.jpg,226,Stylish jeans with a comfortable fit and durable fabric — a wardrobe essential.,https://www.ajio.com/mavi-women-lightly-washed-bootcut-jeans/p/469187575_denimblue,denimblue,Men,
Sateen Striped Square-Neck Top,1499,Clothing,Tops,https://assets.ajio.com/medias/sys_master/root/20230720/qvUn/64b9522ea9b42d15c965731c/sateen_turquoise_green_striped_square-neck_top.jpg,348,"Trendy top with a chic design — pairs well with jeans, skirts, or palazzos.",https://www.ajio.com/sateen-striped-square-neck-top/p/469049779_turquoisegreen,turquoisegreen,Women,
Colin's Hoodie with Ribbed Hems,2299,Clothing,Sweatshirt & Hoodies,https://assets.ajio.com/medias/sys_master/root/20230516/GDaN/6463aa80d55b7d0c63b9df07/colin%27s_black_hoodie_with_ribbed_hems.jpg,245,Comfortable everyday tee with relaxed fit and soft breathable fabric — perfect for casual wear.,https://www.ajio.com/colin-s-hoodie-with-ribbed-hems/p/469347923_black,black,Women,
Glamorous Typographic Print Oversized Top,1399,Clothing,Tops,https://assets.ajio.com/medias/sys_master/root/20230914/HTei/65033a57afa4cf41f5e5f8f9/glamorous_yellow_typographic_print_oversized_top.jpg,365,"Trendy top with a chic design — pairs well with jeans, skirts, or palazzos.",https://www.ajio.com/glamorous-typographic-print-oversized-top/p/460971845_yellow,yellow,Women,
Glamorous Button-Down Top with Raglan Sleeves,2899,Clothing,Tops,https://assets.ajio.com/medias/sys_master/root/20230914/CQzd/65033c3dddf7791519d9b97b/glamorous_blue_button-down_top_with_raglan_sleeves.jpg,250,"Trendy top with a chic design — pairs well with jeans, skirts, or palazzos.",https://www.ajio.com/glamorous-button-down-top-with-raglan-sleeves/p/460918893_lightblue,lightblue,Women,
Glamorous Fit & Flare Dress with Puff Sleeves,3099,Clothing,Dresses,https://assets.ajio.com/medias/sys_master/root/20230914/KKKh/65031d9dddf7791519d87f69/glamorous_white_fit_%26_flare_dress_with_puff_sleeves.jpg,293,Elegant dress with a flattering silhouette — perfect for any occasion.,https://www.ajio.com/glamorous-fit--flare-dress-with-puff-sleeves/p/460971877_white,white,Women,
Koton Hoodie with Raglan Sleeves,1799,Clothing,Sweatshirt & Hoodies,https://assets.ajio.com/medias/sys_master/root/20230517/Rzra/6464d5f042f9e729d79128df/koton_black_hoodie_with_raglan_sleeves.jpg,257,Comfortable everyday tee with relaxed fit and soft breathable fabric — perfect for casual wear.,https://www.ajio.com/koton-hoodie-with-raglan-sleeves/p/469292563_black,black,Women,
Glamorous Printed Square-Neck Tiered Dress,1999,Clothing,Dresses,https://assets.ajio.com/medias/sys_master/root/20230914/er5y/65033554afa4cf41f5e5c252/glamorous_multicoloured_printed_square-neck_tiered_dress.jpg,205,Elegant dress with a flattering silhouette — perfect for any occasion.,https://www.ajio.com/glamorous-printed-square-neck-tiered-dress/p/460971917_printed,printed,Women,
Xint Typographic Embossed Slim Fit Hoodie,2499,Clothing,Sweatshirt & Hoodies,https://assets.ajio.com/medias/sys_master/root/20230914/ynd8/65032104afa4cf41f5e4fdd2/xint_black_typographic_embossed_slim_fit_hoodie.jpg,305,Comfortable everyday tee with relaxed fit and soft breathable fabric — perfect for casual wear.,https://www.ajio.com/xint-typographic-embossed-slim-fit-hoodie/p/469396187_black,black,Women,
LC Waikiki Typographic Print Crew-Neck T-Shirt,1199,Clothing,Tshirts,https://assets.ajio.com/medias/sys_master/root/20230515/SRSR/64624f16d55b7d0c63b3d5bb/lc_waikiki_ecru_typographic_print_crew-neck_t-shirt.jpg,252,Comfortable everyday tee with relaxed fit and soft breathable fabric — perfect for casual wear.,https://www.ajio.com/lc-waikiki-typographic-print-crew-neck-t-shirt/p/469394843_ecru,ecru,Women,
Oxxo Slim Fit Jumpsuit with Cutout,2599,Clothing,Jumpsuits &Playsuits,https://assets.ajio.com/medias/sys_master/root/20221125/wqCd/6380de8bf997ddfdbd9dff06/oxxo_midnight_blue_slim_fit_jumpsuit_with_cutout.jpg,174,Premium quality Jumpsuits &Playsuits at an unbeatable discounted price — grab it before stock runs out.,https://www.ajio.com/oxxo-slim-fit-jumpsuit-with-cutout/p/469291306_midnight,midnight,Women,
Na-kd Hoodie with Drawstring Waist,2599,Clothing,Sweatshirt & Hoodies,https://assets.ajio.com/medias/sys_master/root/20230519/1Trf/64678a4442f9e729d79cf3e3/na-kd_black_hoodie_with_drawstring_waist.jpg,282,Comfortable everyday tee with relaxed fit and soft breathable fabric — perfect for casual wear.,https://www.ajio.com/na-kd-hoodie-with-drawstring-waist/p/469293533_black,black,Women,
I Saw It First Striped Long Shrug with Belt,2299,Clothing,Shrugs & Jackets,https://assets.ajio.com/medias/sys_master/root/20230110/c4kS/63bd8226aeb269c651d51cda/i_saw_it_first_white_striped_long_shrug_with_belt.jpg,394,Stylish jacket with a modern cut — adds an instant edge to any outfit.,https://www.ajio.com/i-saw-it-first-striped-long-shrug-with-belt/p/469389205_blackwhite,blackwhite,Women,
Colin's Typographic Print Drop-Shoulder Jacket,2999,Clothing,Jackets & Coats,https://assets.ajio.com/medias/sys_master/root/20230516/yx1i/6463947cd55b7d0c63b94f49/colin%27s_blue_typographic_print_drop-shoulder_jacket.jpg,374,Stylish jacket with a modern cut — adds an instant edge to any outfit.,https://www.ajio.com/colin-s-typographic-print-drop-shoulder-jacket/p/469348217_sax,sax,Women,
TRENDYOL Colourblock Hoodie with Kangaroo Pockets,2299,Clothing,Sweatshirt & Hoodies,https://assets.ajio.com/medias/sys_master/root/20210903/Tr98/613150407cdb8cb82414df76/trendyol_black_colourblock_hoodie_with_kangaroo_pockets.jpg,218,Comfortable everyday tee with relaxed fit and soft breathable fabric — perfect for casual wear.,https://www.ajio.com/trendyol-colourblock-hoodie-with-kangaroo-pockets/p/460995881_black,black,Women,
Glamorous Double-Breasted Shift Dress,2499,Clothing,Dresses,https://assets.ajio.com/medias/sys_master/root/20230914/rvMa/65032071afa4cf41f5e4f936/glamorous_rust_double-breasted_shift_dress.jpg,305,Elegant dress with a flattering silhouette — perfect for any occasion.,https://www.ajio.com/glamorous-double-breasted-shift-dress/p/460971961_rust,rust,Women,
Glamorous Lace Bodycon Dress with Puff Sleeves,3999,Clothing,Dresses,https://assets.ajio.com/medias/sys_master/root/20230914/4zTz/65031accddf7791519d86d70/glamorous_black_lace_bodycon_dress_with_puff_sleeves.jpg,290,Elegant dress with a flattering silhouette — perfect for any occasion.,https://www.ajio.com/glamorous-lace-bodycon-dress-with-puff-sleeves/p/460918923_black,black,Women,
Sateen Striped Square-Neck Top,1499,Clothing,Tops,https://assets.ajio.com/medias/sys_master/root/20230720/GizK/64b95665a9b42d15c96589eb/sateen_baby_blue_striped_square-neck_top.jpg,197,"Trendy top with a chic design — pairs well with jeans, skirts, or palazzos.",https://www.ajio.com/sateen-striped-square-neck-top/p/469049779_babyblue,babyblue,Women,
LC Waikiki Graphic Print Crew-Neck T-Shirt,1299,Clothing,Tshirts,https://assets.ajio.com/medias/sys_master/root/20230614/vYc9/6489abc442f9e729d741125d/lc_waikiki_white_graphic_print_crew-neck_t-shirt.jpg,256,Comfortable everyday tee with relaxed fit and soft breathable fabric — perfect for casual wear.,https://www.ajio.com/lc-waikiki-graphic-print-crew-neck-t-shirt/p/469252748_opticalwhite,opticalwhite,Women,
Z-One Relaxed Fit Pants wth Paper-Bag Waist,2199,Clothing,Trousers & Pants,https://assets.ajio.com/medias/sys_master/root/20230522/n1qY/646b95da42f9e729d7a2a22e/z-one_brown_relaxed_fit_pants_wth_paper-bag_waist.jpg,328,Well-tailored trousers with a clean finish — ideal for formal and semi-formal occasions.,https://www.ajio.com/z-one-relaxed-fit-pants-wth-paper-bag-waist/p/469058352_lightbrown,lightbrown,Women,
Oxxo Straight Fit Pants with Slip Pockets,2299,Clothing,Trousers & Pants,https://assets.ajio.com/medias/sys_master/root/20230518/I5I6/646646d8d55b7d0c63c3faaa/oxxo_black_straight_fit_pants_with_slip_pockets.jpg,372,Well-tailored trousers with a clean finish — ideal for formal and semi-formal occasions.,https://www.ajio.com/oxxo-straight-fit-pants-with-slip-pockets/p/469291256_black,black,Women,
Y-LONDON Animal Print Strappy Wrap Dress,2299,Clothing,Dresses,https://assets.ajio.com/medias/sys_master/root/20221115/Nms4/6373b625f997ddfdbd766723/y-london_beige_animal_print_strappy_wrap_dress.jpg,206,Elegant dress with a flattering silhouette — perfect for any occasion.,https://www.ajio.com/y-london-animal-print-strappy-wrap-dress/p/469371911_gold,gold,Women,
TRENDYOL Crew-Neck Sweatshirt with Ribbed Hem,1799,Clothing,Sweatshirt & Hoodies,https://assets.ajio.com/medias/sys_master/root/20211014/aGYs/616849d7aeb269011092f6c7/trendyol_black_crew-neck_sweatshirt_with_ribbed_hem.jpg,315,Comfortable everyday tee with relaxed fit and soft breathable fabric — perfect for casual wear.,https://www.ajio.com/trendyol-crew-neck-sweatshirt-with-ribbed-hem/p/469038492_black,black,Women,
Glamorous Top with Over-Sized Collar,2999,Clothing,Tops,https://assets.ajio.com/medias/sys_master/root/20230914/ONw2/650319f8ddf7791519d86833/glamorous_white_top_with_over-sized_collar.jpg,252,"Trendy top with a chic design — pairs well with jeans, skirts, or palazzos.",https://www.ajio.com/glamorous-top-with-over-sized-collar/p/460918948_offwhite,offwhite,Women,
TALLY WEiJL Floral Print Off-Shoulder Crop Top,1799,Clothing,Tops,https://assets.ajio.com/medias/sys_master/root/20220722/gQGW/62d9a435f997dd03e2e86779/tally_weijl_green_floral_print_off-shoulder_crop_top.jpg,154,"Trendy top with a chic design — pairs well with jeans, skirts, or palazzos.",https://www.ajio.com/tally-weijl-floral-print-off-shoulder-crop-top/p/469231256_green,green,Women,
Y-LONDON Ruffled Jumpsuit with Button Placket,2799,Clothing,Jumpsuits &Playsuits,https://assets.ajio.com/medias/sys_master/root/20221115/3XrC/6373ad53aeb269659c8f0013/y-london_black_ruffled_jumpsuit_with_button_placket.jpg,286,Premium quality Jumpsuits &Playsuits at an unbeatable discounted price — grab it before stock runs out.,https://www.ajio.com/y-london-ruffled-jumpsuit-with-button-placket/p/469372063_black,black,Women,
Mavi Men Typographic Print Regular Fit Round-Neck T-Shirt,1399,Clothing,Tshirts,https://assets.ajio.com/medias/sys_master/root/20240304/Ucof/65e5db7e16fd2c6e6a397411/mavi_royal_blue_men_typographic_print_regular_fit_round-neck_t-shirt.jpg,263,Comfortable everyday tee with relaxed fit and soft breathable fabric — perfect for casual wear.,https://www.ajio.com/mavi-men-typographic-print-regular-fit-round-neck-t-shirt/p/469608483_royalblue,royalblue,Men,
Oxxo Gilet Jacket with Flap Pockets,2499,Clothing,Jackets & Coats,https://assets.ajio.com/medias/sys_master/root/20230518/peIc/64663d1f42f9e729d797a1a7/oxxo_black_gilet_jacket_with_flap_pockets.jpg,248,Stylish jacket with a modern cut — adds an instant edge to any outfit.,https://www.ajio.com/oxxo-gilet-jacket-with-flap-pockets/p/469291318_black,black,Women,
TRENDYOL Crew-Neck Sweatshirt with Tie-Up,1899,Clothing,Sweatshirt & Hoodies,https://assets.ajio.com/medias/sys_master/root/20230518/jffA/646655f942f9e729d7984634/trendyol_black_crew-neck_sweatshirt_with_tie-up.jpg,392,Comfortable everyday tee with relaxed fit and soft breathable fabric — perfect for casual wear.,https://www.ajio.com/trendyol-crew-neck-sweatshirt-with-tie-up/p/469045179_black,black,Women,
LC Waikiki Lacy Scoop-Neck Crop Top,2699,Clothing,Tops,https://assets.ajio.com/medias/sys_master/root/20221125/ZmTu/6380eac2aeb269659cb634e9/lc_waikiki_blue_lacy_scoop-neck_crop_top.jpg,292,"Trendy top with a chic design — pairs well with jeans, skirts, or palazzos.",https://www.ajio.com/lc-waikiki-lacy-scoop-neck-crop-top/p/469207496_blue,blue,Women,
Colin's Floral Print Fit & Flare Dress,2099,Clothing,Dresses,https://assets.ajio.com/medias/sys_master/root/20230516/F9zV/64639ce2d55b7d0c63b98398/colin%27s_multicoloured_floral_print_fit_%26_flare_dress.jpg,276,Elegant dress with a flattering silhouette — perfect for any occasion.,https://www.ajio.com/colin-s-floral-print-fit--flare-dress/p/469348215_multicolor,multicolor,Women,
Hailys Fitted Round-Neck Top,1599,Clothing,Tops,https://assets.ajio.com/medias/sys_master/root/20230517/Lj5Y/6464d42b42f9e729d7911a11/hailys_mint_fitted_round-neck_top.jpg,240,"Trendy top with a chic design — pairs well with jeans, skirts, or palazzos.",https://www.ajio.com/hailys-fitted-round-neck-top/p/469313857_mint,mint,Women,
Oxxo Relaxed Fit Flat-Front Trousers,2699,Clothing,Trousers & Pants,https://assets.ajio.com/medias/sys_master/root/20221125/lTH9/6380d5cdaeb269659cb5781c/oxxo_pink_relaxed_fit_flat-front_trousers.jpg,306,Well-tailored trousers with a clean finish — ideal for formal and semi-formal occasions.,https://www.ajio.com/oxxo-relaxed-fit-flat-front-trousers/p/469290952_pink,pink,Women,
Grimelange Slim Fit Knot-Front Bodycon Dress,1399,Clothing,Dresses,https://assets.ajio.com/medias/sys_master/root/20230517/0rI9/6464ce8f42f9e729d790e720/grimelange_purple_slim_fit_knot-front_bodycon_dress.jpg,327,Elegant dress with a flattering silhouette — perfect for any occasion.,https://www.ajio.com/grimelange-slim-fit-knot-front-bodycon-dress/p/469209274_purple,purple,Women,
TALLY WEiJL Lace Round-Neck Bodycon Dress,1699,Clothing,Dresses,https://assets.ajio.com/medias/sys_master/root/20220722/1Y1v/62d9a7f5aeb26921af8d88ca/tally_weijl_black_lace_round-neck_bodycon_dress.jpg,213,Elegant dress with a flattering silhouette — perfect for any occasion.,https://www.ajio.com/tally-weijl-lace-round-neck-bodycon-dress/p/469231213_black,black,Women,
Mavi Women Graphic Print Fitted Crew-Neck T-Shirt,1399,Clothing,Tshirts,https://assets.ajio.com/medias/sys_master/root/20240305/Xin7/65e72cfe16fd2c6e6a3d0e7d/mavi_navy_blue_women_graphic_print_fitted_crew-neck_t-shirt.jpg,176,Comfortable everyday tee with relaxed fit and soft breathable fabric — perfect for casual wear.,https://www.ajio.com/mavi-women-graphic-print-fitted-crew-neck-t-shirt/p/469608546_navyblue,navyblue,Men,
Oxxo Fitted High-Neck Top with Cutout,1399,Clothing,Tops,https://assets.ajio.com/medias/sys_master/root/20230518/phws/6466415042f9e729d797bb9a/oxxo_pink_fitted_high-neck_top_with_cutout.jpg,262,"Trendy top with a chic design — pairs well with jeans, skirts, or palazzos.",https://www.ajio.com/oxxo-fitted-high-neck-top-with-cutout/p/469291450_pink,pink,Women,
Mavi Women Graphic Print Fitted Round-Neck T-Shirt,1299,Clothing,Tshirts,https://assets.ajio.com/medias/sys_master/root/20240305/tpED/65e7304616fd2c6e6a3d20ef/mavi_black_women_graphic_print_fitted_round-neck_t-shirt.jpg,243,Comfortable everyday tee with relaxed fit and soft breathable fabric — perfect for casual wear.,https://www.ajio.com/mavi-women-graphic-print-fitted-round-neck-t-shirt/p/469608533_black,black,Men,
TRENDYOL Typographic Print Crew-Neck Sweatshirt,2499,Clothing,Sweatshirt & Hoodies,https://assets.ajio.com/medias/sys_master/root/20221012/knIe/6346d51ff997ddfdbd2391cc/trendyol_camel_brown_typographic_print_crew-neck_sweatshirt.jpg,224,Comfortable everyday tee with relaxed fit and soft breathable fabric — perfect for casual wear.,https://www.ajio.com/trendyol-typographic-print-crew-neck-sweatshirt/p/460996130_camel,camel,Women,
TRENDYOL Crew-Neck Organic Cotton Sweatshirt,2299,Clothing,Sweatshirt & Hoodies,https://assets.ajio.com/medias/sys_master/root/20221125/lteS/6380f077aeb269659cb66aa0/trendyol_black_crew-neck_organic_cotton_sweatshirt.jpg,353,Comfortable everyday tee with relaxed fit and soft breathable fabric — perfect for casual wear.,https://www.ajio.com/trendyol-crew-neck-organic-cotton-sweatshirt/p/469277475_black,black,Women,
Oxxo Printed Tiered Skirt with Smocked Waist,2199,Clothing,Skirts,https://assets.ajio.com/medias/sys_master/root/20221125/8csI/6380df95f997ddfdbd9e0d58/oxxo_black_printed_tiered_skirt_with_smocked_waist.jpg,250,Premium quality Skirts at an unbeatable discounted price — grab it before stock runs out.,https://www.ajio.com/oxxo-printed-tiered-skirt-with-smocked-waist/p/469291480_darkgrey,darkgrey,Women,
Xint Regular Fit Off-Shoulder Top,1299,Clothing,Tops,https://assets.ajio.com/medias/sys_master/root/20230914/AWy5/65032f17afa4cf41f5e54fe6/xint_white_regular_fit_off-shoulder_top.jpg,304,"Trendy top with a chic design — pairs well with jeans, skirts, or palazzos.",https://www.ajio.com/xint-regular-fit-off-shoulder-top/p/469490520_white,white,Women,
Y-LONDON Fitted Wrap Top with Tie-Up,1899,Clothing,Tops,https://assets.ajio.com/medias/sys_master/root/20221116/MTDC/6373e254aeb269659c8ff8c7/y-london_orange_fitted_wrap_top_with_tie-up.jpg,185,"Trendy top with a chic design — pairs well with jeans, skirts, or palazzos.",https://www.ajio.com/y-london-fitted-wrap-top-with-tie-up/p/469371739_orange,orange,Women,
Koton Woven Fitted Top with Ruffles,1399,Clothing,Tops,https://assets.ajio.com/medias/sys_master/root/20230517/79sx/6464cb4642f9e729d790c933/koton_blue_%26_silver_woven_fitted_top_with_ruffles.jpg,190,"Trendy top with a chic design — pairs well with jeans, skirts, or palazzos.",https://www.ajio.com/koton-woven-fitted-top-with-ruffles/p/469253044_blue,blue,Women,
TRENDYOL Tie & Dye Bodycon Dress,2199,Clothing,Dresses,https://assets.ajio.com/medias/sys_master/root/20220921/rTW6/632b3ac0f997dd1f8d11ff3b/trendyol_white_tie_%26_dye_bodycon_dress.jpg,351,Elegant dress with a flattering silhouette — perfect for any occasion.,https://www.ajio.com/trendyol-tie--dye-bodycon-dress/p/469204541_multicolour,multicolour,Women,
Mavi Women Floral Print Slim Fit Crew-Neck T-Shirt,1199,Clothing,Tshirts,https://assets.ajio.com/medias/sys_master/root/20240305/EGcE/65e72d0316fd2c6e6a3d0f0e/mavi_white_women_floral_print_slim_fit_crew-neck_t-shirt.jpg,289,Comfortable everyday tee with relaxed fit and soft breathable fabric — perfect for casual wear.,https://www.ajio.com/mavi-women-floral-print-slim-fit-crew-neck-t-shirt/p/469608553_white,white,Men,
Oxxo Checked Slim Fit Pants with Belt,2299,Clothing,Trousers & Pants,https://assets.ajio.com/medias/sys_master/root/20230518/d0yO/64663fcfd55b7d0c63c3cfba/oxxo_grey_checked_slim_fit_pants_with_belt.jpg,268,Well-tailored trousers with a clean finish — ideal for formal and semi-formal occasions.,https://www.ajio.com/oxxo-checked-slim-fit-pants-with-belt/p/469291079_greycheck,greycheck,Women,
TRENDYOL Sweatshirt with Contrast Taping,2199,Clothing,Sweatshirt & Hoodies,https://assets.ajio.com/medias/sys_master/root/20210903/3soR/61312c9e7cdb8cb82414771f/trendyol_black_sweatshirt_with_contrast_taping.jpg,300,Comfortable everyday tee with relaxed fit and soft breathable fabric — perfect for casual wear.,https://www.ajio.com/trendyol-sweatshirt-with-contrast-taping/p/460995800_black,black,Women,
Colin's Floral Print Round-Neck T-shirt,1099,Clothing,Tops & Tshirts,https://assets.ajio.com/medias/sys_master/root/20220912/KDQX/631f5bcef997dd1f8df7c867/colin%27s_navy_floral_print_round-neck_t-shirt.jpg,157,Comfortable everyday tee with relaxed fit and soft breathable fabric — perfect for casual wear.,https://www.ajio.com/colin-s-floral-print-round-neck-t-shirt/p/469187452_navy,navy,Women,
Oxxo Slim Fit Round-Neck Crop Pullover,1499,Clothing,Sweaters & Cardigans,https://assets.ajio.com/medias/sys_master/root/20240319/Dn66/65f94ef505ac7d77bbc48573/oxxo_cream_slim_fit_round-neck_crop_pullover.jpg,279,Premium quality Sweaters & Cardigans at an unbeatable discounted price — grab it before stock runs out.,https://www.ajio.com/oxxo-slim-fit-round-neck-crop-pullover/p/469291247_cream,cream,Women,
I Saw It First Off-Shoulder Bodysuit with Tie-Up,1399,Clothing,Jumpsuits &Playsuits,https://assets.ajio.com/medias/sys_master/root/20230517/s9YV/646514bcd55b7d0c63bf1aaa/i_saw_it_first_green_off-shoulder_bodysuit_with_tie-up.jpg,205,Premium quality Jumpsuits &Playsuits at an unbeatable discounted price — grab it before stock runs out.,https://www.ajio.com/i-saw-it-first-off-shoulder-bodysuit-with-tie-up/p/469179741_lilac,lilac,Women,
Y-LONDON Jumpsuit with Shawl Collar,2799,Clothing,Jumpsuits &Playsuits,https://assets.ajio.com/medias/sys_master/root/20230102/SZWg/63b312d8f997ddfdbd0ad49d/y-london_khaki_jumpsuit_with_shawl_collar.jpg,287,Premium quality Jumpsuits &Playsuits at an unbeatable discounted price — grab it before stock runs out.,https://www.ajio.com/y-london-jumpsuit-with-shawl-collar/p/469372061_khaki,khaki,Women,
TRENDYOL Cropped Sweatshirt with Drop-Shoulder Sleeves,2099,Clothing,Sweatshirt & Hoodies,https://assets.ajio.com/medias/sys_master/root/20230518/Fbbi/64665cc7d55b7d0c63c4acf0/trendyol_indigo_cropped_sweatshirt_with_drop-shoulder_sleeves.jpg,391,Comfortable everyday tee with relaxed fit and soft breathable fabric — perfect for casual wear.,https://www.ajio.com/trendyol-cropped-sweatshirt-with-drop-shoulder-sleeves/p/460957486_indigo,indigo,Women,
TALLY WEiJL Heathered Scoop-Neck Bodycon Dress,1699,Clothing,Dresses,https://assets.ajio.com/medias/sys_master/root/20220722/1YSy/62d9a683aeb26921af8d83d0/tally_weijl_grey_heathered_scoop-neck_bodycon_dress.jpg,158,Elegant dress with a flattering silhouette — perfect for any occasion.,https://www.ajio.com/tally-weijl-heathered-scoop-neck-bodycon-dress/p/469231211_grey,grey,Women,
Colin's Full-Sleeve Spread-Collar Shirt,1899,Clothing,Shirts,https://assets.ajio.com/medias/sys_master/root/20230516/EDUl/6463a378d55b7d0c63b9ac3c/colin%27s_white_full-sleeve_spread-collar_shirt.jpg,359,Classic regular-fit shirt with clean collar — versatile for both office and casual outings.,https://www.ajio.com/colin-s-full-sleeve-spread-collar-shirt/p/469348205_white,white,Women,
TRENDYOL Graphic Print Hoodie with Kangaroo Pocket,2599,Clothing,Sweatshirt & Hoodies,https://assets.ajio.com/medias/sys_master/root/20211014/gavF/61684b43f997ddf8f1d1dc1d/trendyol_khaki_graphic_print_hoodie_with_kangaroo_pocket.jpg,340,Comfortable everyday tee with relaxed fit and soft breathable fabric — perfect for casual wear.,https://www.ajio.com/trendyol-graphic-print-hoodie-with-kangaroo-pocket/p/469038553_khaki,khaki,Women,
Oxxo Halter-Neck Bodycon Dress,3099,Clothing,Dresses,https://assets.ajio.com/medias/sys_master/root/20221125/Epjj/6380d8f2aeb269659cb594f9/oxxo_yellow_halter-neck_bodycon_dress.jpg,166,Elegant dress with a flattering silhouette — perfect for any occasion.,https://www.ajio.com/oxxo-halter-neck-bodycon-dress/p/469291200_yellow,yellow,Women,
Oxxo Cropped V-neck Sweatshirt,1699,Clothing,Sweatshirt & Hoodies,https://assets.ajio.com/medias/sys_master/root/20221125/2FDg/6380ff08aeb269659cb6fb0b/oxxo_black_cropped_v-neck_sweatshirt.jpg,353,Comfortable everyday tee with relaxed fit and soft breathable fabric — perfect for casual wear.,https://www.ajio.com/oxxo-cropped-v-neck-sweatshirt/p/469291018_black,black,Women,
Glamorous Strappy Ribbed Top with Deep Back,1499,Clothing,Tops,https://assets.ajio.com/medias/sys_master/root/20230914/Lynm/650342ceddf7791519d9e5d3/glamorous_yellow_strappy_ribbed_top_with_deep_back.jpg,161,"Trendy top with a chic design — pairs well with jeans, skirts, or palazzos.",https://www.ajio.com/glamorous-strappy-ribbed-top-with-deep-back/p/460084266_yellow,yellow,Women,
Glamorous Floral Print Round-Neck Bodysuit,1799,Clothing,Tops,https://assets.ajio.com/medias/sys_master/root/20230914/ajCT/650328dcafa4cf41f5e528c8/glamorous_multicoloured_floral_print_round-neck_bodysuit.jpg,284,"Trendy top with a chic design — pairs well with jeans, skirts, or palazzos.",https://www.ajio.com/glamorous-floral-print-round-neck-bodysuit/p/460971926_printed,printed,Women,
Sateen High-Neck Top with Puff Sleeves,2299,Clothing,Tops,https://assets.ajio.com/medias/sys_master/root/20230720/v5RZ/64b954f8eebac147fc7eeb43/sateen_black_high-neck_top_with_puff_sleeves.jpg,188,"Trendy top with a chic design — pairs well with jeans, skirts, or palazzos.",https://www.ajio.com/sateen-high-neck-top-with-puff-sleeves/p/469049788_black,black,Women,
Mavi Women Ribbed Slim Fit Crop Top,1899,Clothing,Tops & Tshirts,https://assets.ajio.com/medias/sys_master/root/20220912/Epel/631f4892f997dd1f8df7269a/mavi_grey_women_ribbed_slim_fit_crop_top.jpg,287,Comfortable everyday tee with relaxed fit and soft breathable fabric — perfect for casual wear.,https://www.ajio.com/mavi-women-ribbed-slim-fit-crop-top/p/469187588_greymelange,greymelange,Men,
Glamorous Ribbed Fitted Frill Trim T-shirt,1699,Clothing,Tops,https://assets.ajio.com/medias/sys_master/root/20230914/2S1B/65033f0cddf7791519d9cb3b/glamorous_pink_ribbed_fitted_frill_trim_t-shirt.jpg,167,"Trendy top with a chic design — pairs well with jeans, skirts, or palazzos.",https://www.ajio.com/glamorous-ribbed-fitted-frill-trim-t-shirt/p/460972019_pink,pink,Women,
Xint Floral Print Shirt Dress,2499,Clothing,Dresses,https://assets.ajio.com/medias/sys_master/root/20230914/EdFd/650321ecafa4cf41f5e50187/xint_white_floral_print_shirt_dress.jpg,332,Elegant dress with a flattering silhouette — perfect for any occasion.,https://www.ajio.com/xint-floral-print-shirt-dress/p/469490395_pinkwhite,pinkwhite,Women,
Xint Crew Neck Regular Fit T-shirt,1699,Clothing,Tshirts,https://assets.ajio.com/medias/sys_master/root/20230914/nYs8/6503325bafa4cf41f5e561ca/xint_blue_crew_neck_regular_fit_t-shirt.jpg,170,Comfortable everyday tee with relaxed fit and soft breathable fabric — perfect for casual wear.,https://www.ajio.com/xint-crew-neck-regular-fit-t-shirt/p/469490527_blue,blue,Women,
I Saw It First Colourblock Leotard Top with Cutout,1899,Clothing,Tops,https://assets.ajio.com/medias/sys_master/root/20220617/0232/62ac6d50aeb26921af34d906/i_saw_it_first_grey_%26_blue_colourblock_leotard_top_with_cutout.jpg,389,"Trendy top with a chic design — pairs well with jeans, skirts, or palazzos.",https://www.ajio.com/i-saw-it-first-colourblock-leotard-top-with-cutout/p/469179957_khaki,khaki,Women,
Wknd Schiffli A-Line Dress,2199,Clothing,Dresses,https://assets.ajio.com/medias/sys_master/root/20230601/j7M5/6478238dd55b7d0c632fbe8d/wknd_black_schiffli_a-line_dress.jpg,214,Elegant dress with a flattering silhouette — perfect for any occasion.,https://www.ajio.com/wknd-schiffli-a-line-dress/p/469403675_black,black,Women,
Barrels And Oil Graphic Print Crew-Neck Sweatshirt,1499,Clothing,Sweatshirt & Hoodies,https://assets.ajio.com/medias/sys_master/root/20221226/tgrl/63a94207aeb269659c0adb80/barrels_and_oil_brown_graphic_print_crew-neck_sweatshirt.jpg,219,Comfortable everyday tee with relaxed fit and soft breathable fabric — perfect for casual wear.,https://www.ajio.com/barrels-and-oil-graphic-print-crew-neck-sweatshirt/p/469047948_lightbrown,lightbrown,Women,
Oxxo Knot-Front Top with Lace Trim,1699,Clothing,Tops,https://assets.ajio.com/medias/sys_master/root/20221125/UftU/6380ff67aeb269659cb6fe5c/oxxo_white_knot-front_top_with_lace_trim.jpg,156,"Trendy top with a chic design — pairs well with jeans, skirts, or palazzos.",https://www.ajio.com/oxxo-knot-front-top-with-lace-trim/p/469291489_white,white,Women,
TRENDYOL Floral Print Fit and Flare Dress,3099,Clothing,Dresses,https://assets.ajio.com/medias/sys_master/root/20221125/y6rI/6380f072f997ddfdbd9eae82/trendyol_navy_blue_floral_print_fit_and_flare_dress.jpg,369,Elegant dress with a flattering silhouette — perfect for any occasion.,https://www.ajio.com/trendyol-floral-print-fit-and-flare-dress/p/469229998_navy,navy,Women,
TALLY WEiJL Floral Print V-Neck Top,1399,Clothing,Tops,https://assets.ajio.com/medias/sys_master/root/20220722/weMl/62d9a589aeb26921af8d803c/tally_weijl_orange_floral_print_v-neck_top.jpg,335,"Trendy top with a chic design — pairs well with jeans, skirts, or palazzos.",https://www.ajio.com/tally-weijl-floral-print-v-neck-top/p/469231274_whiteyellow,whiteyellow,Women,
LC Waikiki Typographic Print Crew-Neck T-Shirt,1699,Clothing,Tshirts,https://assets.ajio.com/medias/sys_master/root/20230612/ACjq/6487386442f9e729d73aa826/lc_waikiki_pink_typographic_print_crew-neck_t-shirt.jpg,302,Comfortable everyday tee with relaxed fit and soft breathable fabric — perfect for casual wear.,https://www.ajio.com/lc-waikiki-typographic-print-crew-neck-t-shirt/p/469252681_pink,pink,Women,
TRENDYOL Heathered Crew-Neck Sweatshirt,1999,Clothing,Sweatshirt & Hoodies,https://assets.ajio.com/medias/sys_master/root/20221125/lIto/6380df2cf997ddfdbd9e0852/trendyol_grey_heathered_crew-neck_sweatshirt.jpg,356,Comfortable everyday tee with relaxed fit and soft breathable fabric — perfect for casual wear.,https://www.ajio.com/trendyol-heathered-crew-neck-sweatshirt/p/469277758_grey,grey,Women,
TRENDYOL Hooded Sweatshirt with Kangaroo Pocket,1699,Clothing,Sweatshirt & Hoodies,https://assets.ajio.com/medias/sys_master/root/20220921/h5tU/632b45f2aeb269dbb39d57d9/trendyol_orange_hooded_sweatshirt_with_kangaroo_pocket.jpg,197,Comfortable everyday tee with relaxed fit and soft breathable fabric — perfect for casual wear.,https://www.ajio.com/trendyol-hooded-sweatshirt-with-kangaroo-pocket/p/469160976_orange,orange,Women,
Colin's Floral Print Tiered Dress,2199,Clothing,Dresses,https://assets.ajio.com/medias/sys_master/root/20230516/eZtf/6463adc842f9e729d78d5f26/colin%27s_green_floral_print_tiered_dress.jpg,307,Elegant dress with a flattering silhouette — perfect for any occasion.,https://www.ajio.com/colin-s-floral-print-tiered-dress/p/469348209_green,green,Women,
Glamorous V-Neck Top with Cold-Shoulder Sleeves,3199,Clothing,Tops,https://assets.ajio.com/medias/sys_master/root/20230914/UOQL/650337f4afa4cf41f5e5eac6/glamorous_white_v-neck_top_with_cold-shoulder_sleeves.jpg,390,"Trendy top with a chic design — pairs well with jeans, skirts, or palazzos.",https://www.ajio.com/glamorous-v-neck-top-with-cold-shoulder-sleeves/p/460918913_offwhite,offwhite,Women,
Wknd Geometric Print High-Neck Top,999,Clothing,Tops,https://assets.ajio.com/medias/sys_master/root/20221123/RQAs/637e45fdaeb269659cace8ba/wknd_black_geometric_print_high-neck_top.jpg,293,"Trendy top with a chic design — pairs well with jeans, skirts, or palazzos.",https://www.ajio.com/wknd-geometric-print-high-neck-top/p/469223447_black,black,Women,
I Saw It First Printed Top with Off-Shoulder Sleeves,1099,Clothing,Tops,https://assets.ajio.com/medias/sys_master/root/20220912/YYgq/631f497aaeb269dbb38391ad/i_saw_it_first_white_printed_top_with_off-shoulder_sleeves.jpg,262,"Trendy top with a chic design — pairs well with jeans, skirts, or palazzos.",https://www.ajio.com/i-saw-it-first-printed-top-with-off-shoulder-sleeves/p/469188712_blue,blue,Women,
Mavi Women Typographic Print Crew-Neck Fitted T-Shirt,1399,Clothing,Tshirts,https://assets.ajio.com/medias/sys_master/root/20240305/2zHc/65e72f5e05ac7d77bb98996a/mavi_black_women_typographic_print_crew-neck_fitted_t-shirt.jpg,341,Comfortable everyday tee with relaxed fit and soft breathable fabric — perfect for casual wear.,https://www.ajio.com/mavi-women-typographic-print-crew-neck-fitted-t-shirt/p/469608530_black,black,Men,
Na-kd Square Neck Shift Dress,2999,Clothing,Dresses,https://assets.ajio.com/medias/sys_master/root/20220915/LWCK/63234327aeb269dbb38d6a4b/na-kd_black_square_neck_shift_dress.jpg,347,Elegant dress with a flattering silhouette — perfect for any occasion.,https://www.ajio.com/na-kd-square-neck-shift-dress/p/469276851_black,black,Women,
ZELZIS Women Floral Print Regular Fit Top,2499,Clothing,Tops,https://assets.ajio.com/medias/sys_master/root/20250313/9HOx/67d2b2f42960820c49e988a1/zelzis_off-white_women_floral_print_regular_fit_top.jpg,150,"Trendy top with a chic design — pairs well with jeans, skirts, or palazzos.",https://www.ajio.com/zelzis-women-floral-print-regular-fit-top/p/701328594_offwhite,offwhite,Men,
Glamorous Strappy Sleeve Top with Shirring Detail,1699,Clothing,Tops,https://assets.ajio.com/medias/sys_master/root/20230914/jW1I/65032adcddf7791519d8dda6/glamorous_black_strappy_sleeve_top_with_shirring_detail.jpg,201,"Trendy top with a chic design — pairs well with jeans, skirts, or palazzos.",https://www.ajio.com/glamorous-strappy-sleeve-top-with-shirring-detail/p/460971878_black,black,Women,
Koton Ribbed V-neck Ruched Top,1099,Clothing,Tshirts,https://assets.ajio.com/medias/sys_master/root/20220921/tYnJ/632b32c5aeb269dbb39ce253/koton_blue_ribbed_v-neck_ruched_top.jpg,165,Comfortable everyday tee with relaxed fit and soft breathable fabric — perfect for casual wear.,https://www.ajio.com/koton-ribbed-v-neck-ruched-top/p/469253297_blue,blue,Women,
Oxxo Ombre-Dyed Cardigan with Tie-Up,1899,Clothing,Sweaters & Cardigans,https://assets.ajio.com/medias/sys_master/root/20230518/RS24/6466529642f9e729d7982fd0/oxxo_multicoloured_ombre-dyed_cardigan_with_tie-up.jpg,256,Premium quality Sweaters & Cardigans at an unbeatable discounted price — grab it before stock runs out.,https://www.ajio.com/oxxo-ombre-dyed-cardigan-with-tie-up/p/469291179_multicolor,multicolor,Women,
Xint Crew Neck Regular Fit T-shirt,1399,Clothing,Tshirts,https://assets.ajio.com/medias/sys_master/root/20230914/yLHv/65033615ddf7791519d98c07/xint_navy_blue_crew_neck_regular_fit_t-shirt.jpg,266,Comfortable everyday tee with relaxed fit and soft breathable fabric — perfect for casual wear.,https://www.ajio.com/xint-crew-neck-regular-fit-t-shirt/p/469490510_navyblue,navyblue,Women,
TRENDYOL Sleeveless A-line Dress,2299,Clothing,Dresses,https://assets.ajio.com/medias/sys_master/root/20230518/SYjA/646667a942f9e729d798f090/trendyol_camel_brown_sleeveless_a-line_dress.jpg,396,Elegant dress with a flattering silhouette — perfect for any occasion.,https://www.ajio.com/trendyol-sleeveless-a-line-dress/p/460848740_camel,camel,Women,
I Saw It First Printed Wrap Top,2099,Clothing,Tops,https://assets.ajio.com/medias/sys_master/root/20220912/dJvz/631f5c3aaeb269dbb38424e7/i_saw_it_first_blue_printed_wrap_top.jpg,296,"Trendy top with a chic design — pairs well with jeans, skirts, or palazzos.",https://www.ajio.com/i-saw-it-first-printed-wrap-top/p/469179902_blue,blue,Women,
Oxxo Floral Print Fit & Flare Dress,3299,Clothing,Dresses,https://assets.ajio.com/medias/sys_master/root/20230518/ACVi/646653a042f9e729d798369c/oxxo_yellow_floral_print_fit_%26_flare_dress.jpg,178,Elegant dress with a flattering silhouette — perfect for any occasion.,https://www.ajio.com/oxxo-floral-print-fit--flare-dress/p/469291454_green,green,Women,
TRENDYOL Floral Print Empire Dress,2299,Clothing,Dresses,https://assets.ajio.com/medias/sys_master/root/20230519/fJew/64668990d55b7d0c63c60316/trendyol_multicoloured_floral_print_empire_dress.jpg,218,Elegant dress with a flattering silhouette — perfect for any occasion.,https://www.ajio.com/trendyol-floral-print-empire-dress/p/460848744_multicolour,multicolour,Women,
Na-kd Ruched A-Line Dress,2999,Clothing,Dresses,https://assets.ajio.com/medias/sys_master/root/20221125/Q5um/6380dbe2aeb269659cb5aeb3/na-kd_blue_ruched_a-line_dress.jpg,179,Elegant dress with a flattering silhouette — perfect for any occasion.,https://www.ajio.com/na-kd-ruched-a-line-dress/p/469293997_lightblue,lightblue,Women,
Mavi Striped Shirt with Spread Collar,2299,Clothing,Shirts,https://assets.ajio.com/medias/sys_master/root/20210528/i4M7/60b11208f997ddb312ad333f/mavi_indigo_striped_shirt_with_spread_collar.jpg,305,Classic regular-fit shirt with clean collar — versatile for both office and casual outings.,https://www.ajio.com/mavi-striped-shirt-with-spread-collar/p/460900893_indigo,indigo,Women,
Oxxo Long kimono with button Closure,3299,Clothing,Shrugs & Jackets,https://assets.ajio.com/medias/sys_master/root/20230724/1QiL/64be9811a9b42d15c96b3c7f/oxxo_green_long_kimono_with_button_closure.jpg,366,Stylish jacket with a modern cut — adds an instant edge to any outfit.,https://www.ajio.com/oxxo-long-kimono-with-button-closure/p/469291373_green,green,Women,
Oxxo Printed Tailored Fit Off-Shoulder Top,1399,Clothing,Tops,https://assets.ajio.com/medias/sys_master/root/20220915/9OYG/6323432faeb269dbb38d6b9a/oxxo_blue_printed_tailored_fit_off-shoulder_top.jpg,158,"Trendy top with a chic design — pairs well with jeans, skirts, or palazzos.",https://www.ajio.com/oxxo-printed-tailored-fit-off-shoulder-top/p/469151116_blue,blue,Women,
Hailys Floral Print High-Neck Tiered A-line Dress,2599,Clothing,Dresses,https://assets.ajio.com/medias/sys_master/root/20211208/1WFA/61aff5e8f997ddf8f14656fd/hailys_off-white_floral_print_high-neck_tiered_a-line_dress.jpg,393,Elegant dress with a flattering silhouette — perfect for any occasion.,https://www.ajio.com/hailys-floral-print-high-neck-tiered-a-line-dress/p/469054514_offwhite,offwhite,Women,
Oxxo Mid-Rise Slim Fit Jeans,2199,Clothing,Jeans & Jeggings,https://assets.ajio.com/medias/sys_master/root/20221125/4H61/6380d356aeb269659cb560d3/oxxo_black_mid-rise_slim_fit_jeans.jpg,273,Stylish jeans with a comfortable fit and durable fabric — a wardrobe essential.,https://www.ajio.com/oxxo-mid-rise-slim-fit-jeans/p/469291117_black,black,Women,
Mavi Women Graphic Print Fitted Round-Neck T-Shirt,1399,Clothing,Tshirts,https://assets.ajio.com/medias/sys_master/root/20240305/RhcX/65e730c005ac7d77bb98a031/mavi_twilight_blue_women_graphic_print_fitted_round-neck_t-shirt.jpg,253,Comfortable everyday tee with relaxed fit and soft breathable fabric — perfect for casual wear.,https://www.ajio.com/mavi-women-graphic-print-fitted-round-neck-t-shirt/p/469608542_blue,blue,Men,
Barrels And Oil Floral Print Tiered Maxi Dress,2999,Clothing,Dresses,https://assets.ajio.com/medias/sys_master/root/20221226/UgXN/63a93f8caeb269659c0a8a1a/barrels_and_oil_lilac_floral_print_tiered_maxi_dress.jpg,384,Elegant dress with a flattering silhouette — perfect for any occasion.,https://www.ajio.com/barrels-and-oil-floral-print-tiered-maxi-dress/p/460911236_purple,purple,Women,
Glamorous Floral Print A-line Dress with Neck Tie-Up,2599,Clothing,Dresses,https://assets.ajio.com/medias/sys_master/root/20230914/h0ac/6503253eafa4cf41f5e515bb/glamorous_white_floral_print_a-line_dress_with_neck_tie-up.jpg,194,Elegant dress with a flattering silhouette — perfect for any occasion.,https://www.ajio.com/glamorous-floral-print-a-line-dress-with-neck-tie-up/p/460972071_printed,printed,Women,
Oxxo Kimono Cotton Jacket with Belt,3299,Clothing,Jackets & Coats,https://assets.ajio.com/medias/sys_master/root/20230519/E3tZ/646675d9d55b7d0c63c53fae/oxxo_beige_kimono_cotton_jacket_with_belt.jpg,345,Stylish jacket with a modern cut — adds an instant edge to any outfit.,https://www.ajio.com/oxxo-kimono-cotton-jacket-with-belt/p/469291390_beige,beige,Women,
Oxxo Striped Skinny Fit Capris with Pocket Inserts,1999,Clothing,Trousers & Pants,https://assets.ajio.com/medias/sys_master/root/20221125/FP72/6380d284f997ddfdbd9d8d0f/oxxo_navy_blue_striped_skinny_fit_capris_with_pocket_inserts.jpg,272,Well-tailored trousers with a clean finish — ideal for formal and semi-formal occasions.,https://www.ajio.com/oxxo-striped-skinny-fit-capris-with-pocket-inserts/p/469291415_multicolor,multicolor,Women,
Xint Knitted Round-Neck Top,1799,Clothing,Tops,https://assets.ajio.com/medias/sys_master/root/20230914/SDwl/65032adcafa4cf41f5e5354a/xint_blue_knitted_round-neck_top.jpg,262,"Trendy top with a chic design — pairs well with jeans, skirts, or palazzos.",https://www.ajio.com/xint-knitted-round-neck-top/p/469490619_blue,blue,Women,
TRENDYOL Typographic Print Crew-Neck T-shirt,1199,Clothing,Tshirts,https://assets.ajio.com/medias/sys_master/root/20230518/xwqX/6466448242f9e729d797d253/trendyol_white_typographic_print_crew-neck_t-shirt.jpg,365,Comfortable everyday tee with relaxed fit and soft breathable fabric — perfect for casual wear.,https://www.ajio.com/trendyol-typographic-print-crew-neck-t-shirt/p/460615012_white,white,Women,
TRENDYOL Colourblock Hoodie with Kangaroo Pocket,2299,Clothing,Sweatshirt & Hoodies,https://assets.ajio.com/medias/sys_master/root/20221012/eYB0/6346d592f997ddfdbd239577/trendyol_mustard_yellow_%26_navy_blue_colourblock_hoodie_with_kangaroo_pocket.jpg,164,Comfortable everyday tee with relaxed fit and soft breathable fabric — perfect for casual wear.,https://www.ajio.com/trendyol-colourblock-hoodie-with-kangaroo-pocket/p/469038493_mustard,mustard,Women,
TRENDYOL Colourblock Crew-Neck Sweatshirt,1999,Clothing,Sweatshirt & Hoodies,https://assets.ajio.com/medias/sys_master/root/20210903/qJvb/61312d14aeb269a268883242/trendyol_black_colourblock_crew-neck_sweatshirt.jpg,153,Comfortable everyday tee with relaxed fit and soft breathable fabric — perfect for casual wear.,https://www.ajio.com/trendyol-colourblock-crew-neck-sweatshirt/p/460996173_black,black,Women,
Wknd V-Neck T-Shirt with Ribbed Hem,1299,Clothing,Tshirts,https://assets.ajio.com/medias/sys_master/root/20230724/OZ26/64be9d52eebac147fc84ef92/wknd_red_v-neck_t-shirt_with_ribbed_hem.jpg,277,Comfortable everyday tee with relaxed fit and soft breathable fabric — perfect for casual wear.,https://www.ajio.com/wknd-v-neck-t-shirt-with-ribbed-hem/p/469356245_coral,coral,Women,
Koton Floral Print Belted A-Line Dress,2099,Clothing,Dresses,https://assets.ajio.com/medias/sys_master/root/20221008/DApv/63407522aeb269659c2b7813/koton_pink_floral_print_belted_a-line_dress.jpg,235,Elegant dress with a flattering silhouette — perfect for any occasion.,https://www.ajio.com/koton-floral-print-belted-a-line-dress/p/469253050_pink,pink,Women,
TRENDYOL Graphic Print Crew-Neck Sweatshirt,1999,Clothing,Sweatshirt & Hoodies,https://assets.ajio.com/medias/sys_master/root/20211019/kxXy/616ddc81aeb26901109aaed2/trendyol_navy_blue_graphic_print_crew-neck_sweatshirt.jpg,228,Comfortable everyday tee with relaxed fit and soft breathable fabric — perfect for casual wear.,https://www.ajio.com/trendyol-graphic-print-crew-neck-sweatshirt/p/469038656_navy,navy,Women,
Crosshatch Typographic Print Crew-Neck T-shirt,1099,Clothing,Tshirts,https://assets.ajio.com/medias/sys_master/root/20221012/6quL/6346d433aeb269659c3fcda9/crosshatch_white_typographic_print_crew-neck_t-shirt.jpg,371,Comfortable everyday tee with relaxed fit and soft breathable fabric — perfect for casual wear.,https://www.ajio.com/crosshatch-typographic-print-crew-neck-t-shirt/p/469036527_white,white,Women,
Xint Floral Print A-Line Dress,2499,Clothing,Dresses,https://assets.ajio.com/medias/sys_master/root/20230914/MyRr/65032e20afa4cf41f5e548ea/xint_yellow_floral_print_a-line_dress.jpg,200,Elegant dress with a flattering silhouette — perfect for any occasion.,https://www.ajio.com/xint-floral-print-a-line-dress/p/469396159_yellow,yellow,Women,
Crosshatch Crew-Neck Cotton T-shirt with Patch Pocket,1399,Clothing,Tshirts,https://assets.ajio.com/medias/sys_master/root/20221012/clL0/6346d671f997ddfdbd239a48/crosshatch_burgundy_crew-neck_cotton_t-shirt_with_patch_pocket.jpg,311,Comfortable everyday tee with relaxed fit and soft breathable fabric — perfect for casual wear.,https://www.ajio.com/crosshatch-crew-neck-cotton-t-shirt-with-patch-pocket/p/469192362_burgundy,burgundy,Women,
Y-LONDON Fitted Wrap Top with Tie-Up,1899,Clothing,Tops,https://assets.ajio.com/medias/sys_master/root/20230102/FZuT/63b2f6b8f997ddfdbd0a26f3/y-london_fuchsia_fitted_wrap_top_with_tie-up.jpg,158,"Trendy top with a chic design — pairs well with jeans, skirts, or palazzos.",https://www.ajio.com/y-london-fitted-wrap-top-with-tie-up/p/469371739_fuchsia,fuchsia,Women,
I Saw It First Sheath Dress with Sweatheart Neck,2499,Clothing,Dresses,https://assets.ajio.com/medias/sys_master/root/20230110/BVKW/63bd77f0f997dd708efb97f6/i_saw_it_first_purple_sheath_dress_with_sweatheart_neck.jpg,270,Elegant dress with a flattering silhouette — perfect for any occasion.,https://www.ajio.com/i-saw-it-first-sheath-dress-with-sweatheart-neck/p/469180031_lilac,lilac,Women,
Y-LONDON Panneled A-Line Dress with Waist Belt,2899,Clothing,Dresses,https://assets.ajio.com/medias/sys_master/root/20221115/VYob/6373b891aeb269659c8f3548/y-london_mustard_panneled_a-line_dress_with_waist_belt.jpg,285,Elegant dress with a flattering silhouette — perfect for any occasion.,https://www.ajio.com/y-london-panneled-a-line-dress-with-waist-belt/p/469371985_taupe,taupe,Women,
Oxxo Elasticated Drawstring Pants with Slits,2299,Clothing,Trousers & Pants,https://assets.ajio.com/medias/sys_master/root/20221125/8l19/6380d5cef997ddfdbd9daee2/oxxo_midnight_blue_elasticated_drawstring_pants_with_slits.jpg,270,Well-tailored trousers with a clean finish — ideal for formal and semi-formal occasions.,https://www.ajio.com/oxxo-elasticated-drawstring-pants-with-slits/p/469291280_midnight,midnight,Women,
Y-LONDON Printed V-Neck A-Line Dress,2299,Clothing,Dresses,https://assets.ajio.com/medias/sys_master/root/20240318/fg6F/65f856fb16fd2c6e6a675bb1/y-london_white_printed_v-neck_a-line_dress.jpg,305,Elegant dress with a flattering silhouette — perfect for any occasion.,https://www.ajio.com/y-london-printed-v-neck-a-line-dress/p/469371919_multi,multi,Women,
Lyle & Scott Crew-Neck Jumper with Logo Applique,3999,Clothing,Sweaters & Cardigans,https://assets.ajio.com/medias/sys_master/root/20230914/TTW2/650344a0ddf7791519d9f18d/lyle_%26_scott_victory_orange_crew-neck_jumper_with_logo_applique.jpg,253,Premium quality Sweaters & Cardigans at an unbeatable discounted price — grab it before stock runs out.,https://www.ajio.com/lyle--scott-crew-neck-jumper-with-logo-applique/p/469290352_orange,orange,Women,
Oxxo Typographic Print Slim Fit Crop Top,1199,Clothing,Tops,https://assets.ajio.com/medias/sys_master/root/20230518/ze3y/646660a642f9e729d798c408/oxxo_pink_typographic_print_slim_fit_crop_top.jpg,368,"Trendy top with a chic design — pairs well with jeans, skirts, or palazzos.",https://www.ajio.com/oxxo-typographic-print-slim-fit-crop-top/p/469151092_ltpink,ltpink,Women,
Sateen Striped Shirt with Spread Collar,2199,Clothing,Shirts,https://assets.ajio.com/medias/sys_master/root/20211202/SXcS/61a7c407aeb2690110e9b31e/sateen_multicoloured_striped_shirt_with_spread_collar.jpg,370,Classic regular-fit shirt with clean collar — versatile for both office and casual outings.,https://www.ajio.com/sateen-striped-shirt-with-spread-collar/p/469049799_beige,beige,Women,
Xint Crew-Neck Crop Top,1399,Clothing,Tops,https://assets.ajio.com/medias/sys_master/root/20230914/xOSh/650321ecafa4cf41f5e50181/xint_black_crew-neck_crop_top.jpg,359,"Trendy top with a chic design — pairs well with jeans, skirts, or palazzos.",https://www.ajio.com/xint-crew-neck-crop-top/p/469490524_black,black,Women,
Barrels And Oil Cropped Hoodie with Back Cutout,1599,Clothing,Sweatshirt & Hoodies,https://assets.ajio.com/medias/sys_master/root/20221226/M8Fp/63a942bcf997ddfdbdf68540/barrels_and_oil_green_cropped_hoodie_with_back_cutout.jpg,245,Comfortable everyday tee with relaxed fit and soft breathable fabric — perfect for casual wear.,https://www.ajio.com/barrels-and-oil-cropped-hoodie-with-back-cutout/p/469047849_mint,mint,Women,
Xint Crew Neck Regular Fit T-shirt,1399,Clothing,Tshirts,https://assets.ajio.com/medias/sys_master/root/20230914/juh2/65033e10ddf7791519d9c32b/xint_black_crew_neck_regular_fit_t-shirt.jpg,281,Comfortable everyday tee with relaxed fit and soft breathable fabric — perfect for casual wear.,https://www.ajio.com/xint-crew-neck-regular-fit-t-shirt/p/469490505_navyblue,navyblue,Women,
Mavi Women Printed Slim Fit Crew-Neck T-Shirt,1399,Clothing,Tshirts,https://assets.ajio.com/medias/sys_master/root/20240305/00pc/65e7303505ac7d77bb989d7d/mavi_black_women_printed_slim_fit_crew-neck_t-shirt.jpg,257,Comfortable everyday tee with relaxed fit and soft breathable fabric — perfect for casual wear.,https://www.ajio.com/mavi-women-printed-slim-fit-crew-neck-t-shirt/p/469608519_black,black,Men,
Y-LONDON Shift Dress with Ruffles,2299,Clothing,Dresses,https://assets.ajio.com/medias/sys_master/root/20221115/9bFT/6373b814aeb269659c8f335d/y-london_rust_shift_dress_with_ruffles.jpg,233,Elegant dress with a flattering silhouette — perfect for any occasion.,https://www.ajio.com/y-london-shift-dress-with-ruffles/p/469371943_taupe,taupe,Women,
TALLY WEiJL High-Neck Pullover with Drop-Shoulder Sleeves,2799,Clothing,Sweaters & Cardigans,https://assets.ajio.com/medias/sys_master/root/20230522/Ln9G/646b0f5b42f9e729d79fdc89/tally_weijl_grey_high-neck_pullover_with_drop-shoulder_sleeves.jpg,204,Premium quality Sweaters & Cardigans at an unbeatable discounted price — grab it before stock runs out.,https://www.ajio.com/tally-weijl-high-neck-pullover-with-drop-shoulder-sleeves/p/460829457_grey,grey,Women,
Oxxo Printed Tiered Skirt with Smocked Waist,2199,Clothing,Skirts,https://assets.ajio.com/medias/sys_master/root/20221125/XLH5/6380e812aeb269659cb61f7f/oxxo_beige_printed_tiered_skirt_with_smocked_waist.jpg,239,Premium quality Skirts at an unbeatable discounted price — grab it before stock runs out.,https://www.ajio.com/oxxo-printed-tiered-skirt-with-smocked-waist/p/469291451_watercolorfloral,watercolorfloral,Women,
LC Waikiki Graphic Print T-shirt,1499,Clothing,Tshirts,https://assets.ajio.com/medias/sys_master/root/20221012/sbvW/6346d52eaeb269659c3fd5b1/lc_waikiki_grey_graphic_print_t-shirt.jpg,164,Comfortable everyday tee with relaxed fit and soft breathable fabric — perfect for casual wear.,https://www.ajio.com/lc-waikiki-graphic-print-t-shirt/p/469207875_lbeige,lbeige,Women,
Xint Printed Shirt with Cuban Collar,1899,Clothing,Shirts,https://assets.ajio.com/medias/sys_master/root/20230914/FkbM/65031cabafa4cf41f5e4e0c1/xint_white_printed_shirt_with_cuban_collar.jpg,173,Classic regular-fit shirt with clean collar — versatile for both office and casual outings.,https://www.ajio.com/xint-printed-shirt-with-cuban-collar/p/469490598_brownwhite,brownwhite,Women,
Oxxo Floral Print A-line Skirt,1799,Clothing,Skirts,https://assets.ajio.com/medias/sys_master/root/20221125/x8gY/6380f789aeb269659cb6a8cb/oxxo_black_%26_white_floral_print_a-line_skirt.jpg,339,Premium quality Skirts at an unbeatable discounted price — grab it before stock runs out.,https://www.ajio.com/oxxo-floral-print-a-line-skirt/p/469291273_blue,blue,Women,
TRENDYOL Graphic Print Crew-Neck Sweatshirt,2299,Clothing,Sweatshirt & Hoodies,https://assets.ajio.com/medias/sys_master/root/20210903/0yrd/613153feaeb269a2688887a4/trendyol_yellow_graphic_print_crew-neck_sweatshirt.jpg,276,Comfortable everyday tee with relaxed fit and soft breathable fabric — perfect for casual wear.,https://www.ajio.com/trendyol-graphic-print-crew-neck-sweatshirt/p/460996171_yellow,yellow,Women,
Oxxo Micro Print Scoop-Neck Pullover,1799,Clothing,Sweaters & Cardigans,https://assets.ajio.com/medias/sys_master/root/20230518/RZ4o/646647e642f9e729d797e9c1/oxxo_beige_micro_print_scoop-neck_pullover.jpg,194,Premium quality Sweaters & Cardigans at an unbeatable discounted price — grab it before stock runs out.,https://www.ajio.com/oxxo-micro-print-scoop-neck-pullover/p/469291333_beige,beige,Women,
I Saw It First Bodycon Dress with Puff Sleeves,2299,Clothing,Dresses,https://assets.ajio.com/medias/sys_master/root/20230110/4LmB/63bd7ac0f997dd708efbac96/i_saw_it_first_peach_bodycon_dress_with_puff_sleeves.jpg,399,Elegant dress with a flattering silhouette — perfect for any occasion.,https://www.ajio.com/i-saw-it-first-bodycon-dress-with-puff-sleeves/p/469180037_coral,coral,Women,
Mavi Women Graphic Print Slim Fit Crew-Neck T-Shirt,1399,Clothing,Tshirts,https://assets.ajio.com/medias/sys_master/root/20240305/lqTc/65e72f5805ac7d77bb989895/mavi_white_women_graphic_print_slim_fit_crew-neck_t-shirt.jpg,344,Comfortable everyday tee with relaxed fit and soft breathable fabric — perfect for casual wear.,https://www.ajio.com/mavi-women-graphic-print-slim-fit-crew-neck-t-shirt/p/469608518_white,white,Men,
Wknd Knitted Button-Front Cardigan,2299,Clothing,Sweaters & Cardigans,https://assets.ajio.com/medias/sys_master/root/20230601/fWf9/64781fdcd55b7d0c632f9051/wknd_tenis_green_knitted_button-front_cardigan.jpg,203,Premium quality Sweaters & Cardigans at an unbeatable discounted price — grab it before stock runs out.,https://www.ajio.com/wknd-knitted-button-front-cardigan/p/469356261_green,green,Women,
Oxxo Tiered Skirt with Waist Tie-Up,1499,Clothing,Skirts,https://assets.ajio.com/medias/sys_master/root/20221125/ur7x/6380e8fdf997ddfdbd9e69f7/oxxo_beige_tiered_skirt_with_waist_tie-up.jpg,256,Premium quality Skirts at an unbeatable discounted price — grab it before stock runs out.,https://www.ajio.com/oxxo-tiered-skirt-with-waist-tie-up/p/469290996_beige,beige,Women,
Xint Ribbed One-Shoulder Top,1299,Clothing,Tops,https://assets.ajio.com/medias/sys_master/root/20230914/9KIE/65031cccafa4cf41f5e4e439/xint_lilac_ribbed_one-shoulder_top.jpg,370,"Trendy top with a chic design — pairs well with jeans, skirts, or palazzos.",https://www.ajio.com/xint-ribbed-one-shoulder-top/p/469490622_lilac,lilac,Women,
Oxxo Slim Fit Pants with Insert Pockets,2599,Clothing,Trousers & Pants,https://assets.ajio.com/medias/sys_master/root/20221125/6Y5e/6380f0f5aeb269659cb66f13/oxxo_sap_green_slim_fit_pants_with_insert_pockets.jpg,345,Well-tailored trousers with a clean finish — ideal for formal and semi-formal occasions.,https://www.ajio.com/oxxo-slim-fit-pants-with-insert-pockets/p/469291516_green,green,Women,
Colin's Hoodie with Kangaroo Pocket,2299,Clothing,Sweatshirt & Hoodies,https://assets.ajio.com/medias/sys_master/root/20230516/QKJP/6463c34542f9e729d78df541/colin%27s_orange_hoodie_with_kangaroo_pocket.jpg,236,Comfortable everyday tee with relaxed fit and soft breathable fabric — perfect for casual wear.,https://www.ajio.com/colin-s-hoodie-with-kangaroo-pocket/p/469348095_orange,orange,Women,
LC Waikiki Typographic Print Drawstring Waist,1699,Clothing,Sweatshirt & Hoodies,https://assets.ajio.com/medias/sys_master/root/20230515/9pMk/64624f1242f9e729d7870618/lc_waikiki_white_typographic_print_drawstring_waist.jpg,228,Comfortable everyday tee with relaxed fit and soft breathable fabric — perfect for casual wear.,https://www.ajio.com/lc-waikiki-typographic-print-drawstring-waist/p/469395393_opticalwhite,opticalwhite,Women,
Na-kd Ribbed Open-Front Cardigan,2999,Clothing,Sweaters & Cardigans,https://assets.ajio.com/medias/sys_master/root/20221125/1lRV/6380f3caf997ddfdbd9ed11b/na-kd_lavender_ribbed_open-front_cardigan.jpg,341,Premium quality Sweaters & Cardigans at an unbeatable discounted price — grab it before stock runs out.,https://www.ajio.com/na-kd-ribbed-open-front-cardigan/p/469293741_purple,purple,Women,
Oxxo Boat-Neck Sleeveless Top,1499,Clothing,Tops,https://assets.ajio.com/medias/sys_master/root/20230518/fKgM/64663efb42f9e729d797ae20/oxxo_peach_boat-neck_sleeveless_top.jpg,386,"Trendy top with a chic design — pairs well with jeans, skirts, or palazzos.",https://www.ajio.com/oxxo-boat-neck-sleeveless-top/p/469150981_red,red,Women,
Zabaione Checked Round-Neck Shrug,2199,Clothing,Shrugs & Jackets,https://assets.ajio.com/medias/sys_master/root/20230522/oHIn/646b8c0242f9e729d7a26860/zabaione_white_checked_round-neck_shrug.jpg,162,Stylish jacket with a modern cut — adds an instant edge to any outfit.,https://www.ajio.com/zabaione-checked-round-neck-shrug/p/469058100_grey,grey,Women,
Xint Ribbed Hems Crew-Neck Sweatshirt,2499,Clothing,Sweatshirt & Hoodies,https://assets.ajio.com/medias/sys_master/root/20230914/7wXM/650338d3ddf7791519d9a19b/xint_purple_ribbed_hems_crew-neck_sweatshirt.jpg,294,Comfortable everyday tee with relaxed fit and soft breathable fabric — perfect for casual wear.,https://www.ajio.com/xint-ribbed-hems-crew-neck-sweatshirt/p/469396235_lilac,lilac,Women,
Na-kd Knitted Slim Shorts,1999,Clothing,Shorts,https://assets.ajio.com/medias/sys_master/root/20221125/f9Gy/6380f001aeb269659cb66878/na-kd_olive_green_knitted_slim_shorts.jpg,239,Comfortable shorts in breathable fabric — great for casual outings and lounging.,https://www.ajio.com/na-kd-knitted-slim-shorts/p/469215150_grey,grey,Women,
Oxxo Striped Fitted Cardigan,1699,Clothing,Sweaters & Cardigans,https://assets.ajio.com/medias/sys_master/root/20230518/PqoS/64665235d55b7d0c63c43c27/oxxo_black_striped_fitted_cardigan.jpg,295,Premium quality Sweaters & Cardigans at an unbeatable discounted price — grab it before stock runs out.,https://www.ajio.com/oxxo-striped-fitted-cardigan/p/469291266_black,black,Women,
Na-kd Ribbed V-Neck Crop Cardigan,2799,Clothing,Sweaters & Cardigans,https://assets.ajio.com/medias/sys_master/root/20230519/bUJH/6467ae76d55b7d0c63ca1fdf/na-kd_green_ribbed_v-neck_crop_cardigan.jpg,241,Premium quality Sweaters & Cardigans at an unbeatable discounted price — grab it before stock runs out.,https://www.ajio.com/na-kd-ribbed-v-neck-crop-cardigan/p/469293735_lightgreen,lightgreen,Women,
Wknd Cable-Knit Sleeveless Pullover,2099,Clothing,Sweaters & Cardigans,https://assets.ajio.com/medias/sys_master/root/20230601/0mi9/6478224a42f9e729d705798e/wknd_fuschia_cable-knit_sleeveless_pullover.jpg,212,Premium quality Sweaters & Cardigans at an unbeatable discounted price — grab it before stock runs out.,https://www.ajio.com/wknd-cable-knit-sleeveless-pullover/p/469356267_fuschia,fuschia,Women,
TRENDYOL Hoodie with Flap Pocket,2199,Clothing,Sweatshirt & Hoodies,https://assets.ajio.com/medias/sys_master/root/20221012/yBff/6346d8e0aeb269659c3ff00c/trendyol_white_hoodie_with_flap_pocket.jpg,291,Comfortable everyday tee with relaxed fit and soft breathable fabric — perfect for casual wear.,https://www.ajio.com/trendyol-hoodie-with-flap-pocket/p/469038552_white,white,Women,
Na-kd Ribbed Slim Fit Shorts,2199,Clothing,Shorts,https://assets.ajio.com/medias/sys_master/root/20221125/UCT0/6380e42faeb269659cb5f988/na-kd_orange_ribbed_slim_fit_shorts.jpg,313,Comfortable shorts in breathable fabric — great for casual outings and lounging.,https://www.ajio.com/na-kd-ribbed-slim-fit-shorts/p/469215490_orange,orange,Women,
TRENDYOL Full Sleeves Hoodie with Flap Pocket,2199,Clothing,Sweatshirt & Hoodies,https://assets.ajio.com/medias/sys_master/root/20210903/xoki/61311ad0aeb269a268880dd9/trendyol_beige_full_sleeves_hoodie_with_flap_pocket.jpg,389,Comfortable everyday tee with relaxed fit and soft breathable fabric — perfect for casual wear.,https://www.ajio.com/trendyol-full-sleeves-hoodie-with-flap-pocket/p/460995875_beige,beige,Women,
TRENDYOL Crew-Neck Sweatshirt with Leg-O-Mutton Sleeves,1699,Clothing,Sweatshirt & Hoodies,https://assets.ajio.com/medias/sys_master/root/20221125/5iSv/6380df26aeb269659cb5ccfd/trendyol_black_crew-neck_sweatshirt_with_leg-o-mutton_sleeves.jpg,194,Comfortable everyday tee with relaxed fit and soft breathable fabric — perfect for casual wear.,https://www.ajio.com/trendyol-crew-neck-sweatshirt-with-leg-o-mutton-sleeves/p/469277698_black,black,Women,
Xint Slim Fit Single Shoulder Crop Top,1199,Clothing,Tops,https://assets.ajio.com/medias/sys_master/root/20230914/TCtw/65032796ddf7791519d8c4e2/xint_light_brown_slim_fit_single_shoulder_crop_top.jpg,379,"Trendy top with a chic design — pairs well with jeans, skirts, or palazzos.",https://www.ajio.com/xint-slim-fit-single-shoulder-crop-top/p/469490535_lightbrown,lightbrown,Women,
LTB Drawstring Hoodie with Flock Print,2299,Clothing,Sweatshirt & Hoodies,https://assets.ajio.com/medias/sys_master/root/20230914/aKQI/65032ac6ddf7791519d8db9f/ltb_grey_drawstring_hoodie_with_flock_print.jpg,390,Comfortable everyday tee with relaxed fit and soft breathable fabric — perfect for casual wear.,https://www.ajio.com/ltb-drawstring-hoodie-with-flock-print/p/469359637_darkgrey,darkgrey,Women,
Xint Crew Neck Regular Fit T-shirt,1399,Clothing,Tshirts,https://assets.ajio.com/medias/sys_master/root/20230914/43L9/65033239ddf7791519d90ab7/xint_black_crew_neck_regular_fit_t-shirt.jpg,355,Comfortable everyday tee with relaxed fit and soft breathable fabric — perfect for casual wear.,https://www.ajio.com/xint-crew-neck-regular-fit-t-shirt/p/469490505_black,black,Women,
LC Waikiki Strappy Wrap Top,1699,Clothing,Tops,https://assets.ajio.com/medias/sys_master/root/20230612/AKEn/648737b942f9e729d73a91fd/lc_waikiki_fuchsia_pink_strappy_wrap_top.jpg,323,"Trendy top with a chic design — pairs well with jeans, skirts, or palazzos.",https://www.ajio.com/lc-waikiki-strappy-wrap-top/p/469252734_fuchsia,fuchsia,Women,
Oxxo Women Animal Print Relaxed Fit Shrug,2499,Clothing,Shrugs & Jackets,https://assets.ajio.com/medias/sys_master/root/20240305/x2bx/65e7313816fd2c6e6a3d27a0/oxxo_white_%26_black_women_animal_print_relaxed_fit_shrug.jpg,250,Stylish jacket with a modern cut — adds an instant edge to any outfit.,https://www.ajio.com/oxxo-women-animal-print-relaxed-fit-shrug/p/469291338_yellow,yellow,Men,
Y-LONDON Strappy Off-Shoulder A-Line Dress,2299,Clothing,Dresses,https://assets.ajio.com/medias/sys_master/root/20221114/sMux/637279ccf997ddfdbd73814c/y-london_black_strappy_off-shoulder_a-line_dress.jpg,230,Elegant dress with a flattering silhouette — perfect for any occasion.,https://www.ajio.com/y-london-strappy-off-shoulder-a-line-dress/p/469371961_black,black,Women,
TRENDYOL Pack of 2 Cotton High-Neck T-Shirt,1499,Clothing,Tshirts,https://assets.ajio.com/medias/sys_master/root/20230519/rqtB/6466782dd55b7d0c63c54f44/trendyol_green_pack_of_2_cotton_high-neck_t-shirt.jpg,270,Comfortable everyday tee with relaxed fit and soft breathable fabric — perfect for casual wear.,https://www.ajio.com/trendyol-pack-of-2-cotton-high-neck-t-shirt/p/469305865_green,green,Women,
Mavi One-Shoulder Top with Tie-Up Hemline,2199,Clothing,Tops,https://assets.ajio.com/medias/sys_master/root/20210528/wLD2/60b11205aeb269a9e3ccf252/mavi_black_one-shoulder_top_with_tie-up_hemline.jpg,212,"Trendy top with a chic design — pairs well with jeans, skirts, or palazzos.",https://www.ajio.com/mavi-one-shoulder-top-with-tie-up-hemline/p/460900903_black,black,Women,
Oxxo V-neck A-line Dress with Elasticated Waist,2599,Clothing,Dresses,https://assets.ajio.com/medias/sys_master/root/20230518/ahOL/64663a2d42f9e729d7978a2b/oxxo_white_v-neck_a-line_dress_with_elasticated_waist.jpg,247,Elegant dress with a flattering silhouette — perfect for any occasion.,https://www.ajio.com/oxxo-v-neck-a-line-dress-with-elasticated-waist/p/469151077_white,white,Women,
Oxxo Striped Off-Shoulder Top,1499,Clothing,Tops,https://assets.ajio.com/medias/sys_master/root/20230518/8MUl/6466423c42f9e729d797c442/oxxo_midnight_blue_striped_off-shoulder_top.jpg,234,"Trendy top with a chic design — pairs well with jeans, skirts, or palazzos.",https://www.ajio.com/oxxo-striped-off-shoulder-top/p/469291494_midnight,midnight,Women,
Oxxo Straight Fit Culottes with Buttons Closure,3199,Clothing,Trousers & Pants,https://assets.ajio.com/medias/sys_master/root/20230518/PU36/6466692dd55b7d0c63c5014e/oxxo_beige_straight_fit_culottes_with_buttons_closure.jpg,391,Well-tailored trousers with a clean finish — ideal for formal and semi-formal occasions.,https://www.ajio.com/oxxo-straight-fit-culottes-with-buttons-closure/p/469291162_beige,beige,Women,
I Saw It First Striped Twist-Front Cropped Shirt,1999,Clothing,Shirts,https://assets.ajio.com/medias/sys_master/root/20220912/mZET/631f4bd0aeb269dbb383a44e/i_saw_it_first_white_striped_twist-front_cropped_shirt.jpg,301,Classic regular-fit shirt with clean collar — versatile for both office and casual outings.,https://www.ajio.com/i-saw-it-first-striped-twist-front-cropped-shirt/p/469179924_mintgreen,mintgreen,Women,
Oxxo Floral Print Flared Skirt,3099,Clothing,Skirts,https://assets.ajio.com/medias/sys_master/root/20221125/vAG5/6380ee2aaeb269659cb657cf/oxxo_multicoloured_floral_print_flared_skirt.jpg,239,Premium quality Skirts at an unbeatable discounted price — grab it before stock runs out.,https://www.ajio.com/oxxo-floral-print-flared-skirt/p/469291487_green,green,Women,
Xint Shirt with Concealed Placket,2499,Clothing,Shirts,https://assets.ajio.com/medias/sys_master/root/20230914/IVAr/650325aeddf7791519d8b6b3/xint_purple_shirt_with_concealed_placket.jpg,316,Classic regular-fit shirt with clean collar — versatile for both office and casual outings.,https://www.ajio.com/xint-shirt-with-concealed-placket/p/469396417_purple,purple,Women,
Oxxo Open-Front Shrug with Bell Sleeves,2599,Clothing,Shrugs & Jackets,https://assets.ajio.com/medias/sys_master/root/20230518/WL5l/6466631cd55b7d0c63c4ddab/oxxo_beige_open-front_shrug_with_bell_sleeves.jpg,329,Stylish jacket with a modern cut — adds an instant edge to any outfit.,https://www.ajio.com/oxxo-open-front-shrug-with-bell-sleeves/p/469291223_beige,beige,Women,
Oxxo Tiered Skirt with Waist Tie-Up,1499,Clothing,Skirts,https://assets.ajio.com/medias/sys_master/root/20221125/eyh3/6380fd96f997ddfdbd9f39d5/oxxo_yellow_tiered_skirt_with_waist_tie-up.jpg,224,Premium quality Skirts at an unbeatable discounted price — grab it before stock runs out.,https://www.ajio.com/oxxo-tiered-skirt-with-waist-tie-up/p/469290996_yellow,yellow,Women,
I Saw It First Checked Pleated Wrap Skirt,2299,Clothing,Skirts,https://assets.ajio.com/medias/sys_master/root/20230110/5Ed5/63bd8f6caeb269c651d57817/i_saw_it_first_pink_checked_pleated_wrap_skirt.jpg,247,Premium quality Skirts at an unbeatable discounted price — grab it before stock runs out.,https://www.ajio.com/i-saw-it-first-checked-pleated-wrap-skirt/p/469188511_pink,pink,Women,
Barrels And Oil Typographic Embroidered Hoodie with Kangaroo Pocket,1999,Clothing,Sweatshirt & Hoodies,https://assets.ajio.com/medias/sys_master/root/20221226/RDxy/63a9428df997ddfdbdf67f13/barrels_and_oil_orange_typographic_embroidered_hoodie_with_kangaroo_pocket.jpg,355,Comfortable everyday tee with relaxed fit and soft breathable fabric — perfect for casual wear.,https://www.ajio.com/barrels-and-oil-typographic-embroidered-hoodie-with-kangaroo-pocket/p/469047952_orange,orange,Women,
Sateen Striped Square-Neck Top,1499,Clothing,Tops,https://assets.ajio.com/medias/sys_master/root/20230720/bHSS/64b96216a9b42d15c9662709/sateen_white_striped_square-neck_top.jpg,315,"Trendy top with a chic design — pairs well with jeans, skirts, or palazzos.",https://www.ajio.com/sateen-striped-square-neck-top/p/469049779_ecru,ecru,Women,
Oxxo V-neck A-line Dress with Ruffle Trim,2599,Clothing,Dresses,https://assets.ajio.com/medias/sys_master/root/20230518/fBvt/6466438f42f9e729d797cc04/oxxo_peach_v-neck_a-line_dress_with_ruffle_trim.jpg,398,Elegant dress with a flattering silhouette — perfect for any occasion.,https://www.ajio.com/oxxo-v-neck-a-line-dress-with-ruffle-trim/p/469151016_redorange,redorange,Women,
TRENDYOL Slim Fit Round-Neck Blouson Top,1899,Clothing,Tops,https://assets.ajio.com/medias/sys_master/root/20221012/rpec/6345c3faaeb269659c3d7a4f/trendyol_pink_slim_fit_round-neck_blouson_top.jpg,318,"Trendy top with a chic design — pairs well with jeans, skirts, or palazzos.",https://www.ajio.com/trendyol-slim-fit-round-neck-blouson-top/p/469008752_pink,pink,Women,
Xint Crew Neck Regular Fit T-shirt,1399,Clothing,Tshirts,https://assets.ajio.com/medias/sys_master/root/20230914/vT4E/65031d46ddf7791519d87e11/xint_off_white_crew_neck_regular_fit_t-shirt.jpg,300,Comfortable everyday tee with relaxed fit and soft breathable fabric — perfect for casual wear.,https://www.ajio.com/xint-crew-neck-regular-fit-t-shirt/p/469490492_offwhite,offwhite,Women,
Mavi Women Typographic Print Slim Fit Crew-Neck T-Shirt,1399,Clothing,Tshirts,https://assets.ajio.com/medias/sys_master/root/20240305/V18k/65e72dee16fd2c6e6a3d118a/mavi_white_women_typographic_print_slim_fit_crew-neck_t-shirt.jpg,252,Comfortable everyday tee with relaxed fit and soft breathable fabric — perfect for casual wear.,https://www.ajio.com/mavi-women-typographic-print-slim-fit-crew-neck-t-shirt/p/469608534_white,white,Men,
I Saw It First V-Neck Crop Top,2499,Clothing,Tops,https://assets.ajio.com/medias/sys_master/root/20221110/aWb9/636d26b0f997ddfdbd6c6f86/i_saw_it_first_black_v-neck_crop_top.jpg,297,"Trendy top with a chic design — pairs well with jeans, skirts, or palazzos.",https://www.ajio.com/i-saw-it-first-v-neck-crop-top/p/469389331_black,black,Women,
Mavi Women Mid-Wash Bootcut Jeans,3199,Clothing,Jeans & Jeggings,https://assets.ajio.com/medias/sys_master/root/20240607/MYEK/6662b8e205ac7d77bba71fca/mavi_blue_women_mid-wash_bootcut_jeans.jpg,261,Stylish jeans with a comfortable fit and durable fabric — a wardrobe essential.,https://www.ajio.com/mavi-women-mid-wash-bootcut-jeans/p/469187572_denimblue,denimblue,Men,
Oxxo Scoop-Neck Front-Tie Crop Top,1799,Clothing,Tops,https://assets.ajio.com/medias/sys_master/root/20221125/b9Q3/6380f49eaeb269659cb68e64/oxxo_black_scoop-neck_front-tie_crop_top.jpg,227,"Trendy top with a chic design — pairs well with jeans, skirts, or palazzos.",https://www.ajio.com/oxxo-scoop-neck-front-tie-crop-top/p/469291304_black,black,Women,
Barrels And Oil Typographic Print Crew-Neck Sweatshirt,1999,Clothing,Sweatshirt & Hoodies,https://assets.ajio.com/medias/sys_master/root/20221226/ncYU/63a9438daeb269659c0b0f24/barrels_and_oil_grey_typographic_print_crew-neck_sweatshirt.jpg,186,Comfortable everyday tee with relaxed fit and soft breathable fabric — perfect for casual wear.,https://www.ajio.com/barrels-and-oil-typographic-print-crew-neck-sweatshirt/p/469047872_gray,gray,Women,
Colin's Micro Print Tiered Dress,2199,Clothing,Dresses,https://assets.ajio.com/medias/sys_master/root/20230516/D9yR/6463947a42f9e729d78ca43f/colin%27s_maroon_micro_print_tiered_dress.jpg,355,Elegant dress with a flattering silhouette — perfect for any occasion.,https://www.ajio.com/colin-s-micro-print-tiered-dress/p/469348207_bordeaux,bordeaux,Women,
Na-kd Ribbed Hot Pants with Ruffle Accent,1799,Clothing,Shorts,https://assets.ajio.com/medias/sys_master/root/20221125/gJmP/6380d7aff997ddfdbd9dc258/na-kd_peach_ribbed_hot_pants_with_ruffle_accent.jpg,261,Comfortable shorts in breathable fabric — great for casual outings and lounging.,https://www.ajio.com/na-kd-ribbed-hot-pants-with-ruffle-accent/p/469215345_peach,peach,Women,
Zabaione Houndstooth Print Slim Fit Pants,2299,Clothing,Trousers & Pants,https://assets.ajio.com/medias/sys_master/root/20230522/MsAM/646b86df42f9e729d7a249ee/zabaione_off-white_houndstooth_print_slim_fit_pants.jpg,266,Well-tailored trousers with a clean finish — ideal for formal and semi-formal occasions.,https://www.ajio.com/zabaione-houndstooth-print-slim-fit-pants/p/469058259_offwhite,offwhite,Women,
Y-LONDON Fitted Wrap Top with Tie-Up,1899,Clothing,Tops,https://assets.ajio.com/medias/sys_master/root/20221115/ZlKP/6373b63df997ddfdbd7668f5/y-london_black_fitted_wrap_top_with_tie-up.jpg,288,"Trendy top with a chic design — pairs well with jeans, skirts, or palazzos.",https://www.ajio.com/y-london-fitted-wrap-top-with-tie-up/p/469371739_black,black,Women,
Oxxo Denim Strappy Crop Top,1899,Clothing,Tops,https://assets.ajio.com/medias/sys_master/root/20230724/5Wnx/64be9ea5a9b42d15c96b5b8b/oxxo_blue_denim_strappy_crop_top.jpg,216,"Trendy top with a chic design — pairs well with jeans, skirts, or palazzos.",https://www.ajio.com/oxxo-denim-strappy-crop-top/p/469291182_yellow,yellow,Women,
Oxxo Striped Boat-Neck T-shirt,1499,Clothing,Tshirts,https://assets.ajio.com/medias/sys_master/root/20230518/Fw1T/6466541bd55b7d0c63c446ce/oxxo_beige_striped_boat-neck_t-shirt.jpg,208,Comfortable everyday tee with relaxed fit and soft breathable fabric — perfect for casual wear.,https://www.ajio.com/oxxo-striped-boat-neck-t-shirt/p/469150967_beige,beige,Women,
I Saw It First Checked Flared Skirt with Elasticated Waist,1999,Clothing,Skirts,https://assets.ajio.com/medias/sys_master/root/20220912/w7mr/631f5d38f997dd1f8df7d59a/i_saw_it_first_green_checked_flared_skirt_with_elasticated_waist.jpg,353,Premium quality Skirts at an unbeatable discounted price — grab it before stock runs out.,https://www.ajio.com/i-saw-it-first-checked-flared-skirt-with-elasticated-waist/p/469188709_sage,sage,Women,
Z-One V-neck Pullover with Extended Sleeves,1899,Clothing,Sweaters & Cardigans,https://assets.ajio.com/medias/sys_master/root/20221010/B7cS/634445caf997ddfdbd18b6fb/z-one_red_v-neck_pullover_with_extended_sleeves.jpg,360,Premium quality Sweaters & Cardigans at an unbeatable discounted price — grab it before stock runs out.,https://www.ajio.com/z-one-v-neck-pullover-with-extended-sleeves/p/469058333_red,red,Women,
Colin's Graphic Print Crew-Neck T-Shirt,1199,Clothing,Tshirts,https://assets.ajio.com/medias/sys_master/root/20230516/tkjG/6463a88f42f9e729d78d33d6/colin%27s_white_graphic_print_crew-neck_t-shirt.jpg,271,Comfortable everyday tee with relaxed fit and soft breathable fabric — perfect for casual wear.,https://www.ajio.com/colin-s-graphic-print-crew-neck-t-shirt/p/469348221_white,white,Women,
Xint Crew Neck Regular Fit T-shirt,1399,Clothing,Tshirts,https://assets.ajio.com/medias/sys_master/root/20230914/EuZg/65032010afa4cf41f5e4f6af/xint_mint_green_crew_neck_regular_fit_t-shirt.jpg,176,Comfortable everyday tee with relaxed fit and soft breathable fabric — perfect for casual wear.,https://www.ajio.com/xint-crew-neck-regular-fit-t-shirt/p/469490497_mintgreen,mintgreen,Women,
Glamorous Floral Print Ruffle A-line Dress,2599,Clothing,Dresses,https://assets.ajio.com/medias/sys_master/root/20230914/3G7o/65033e76afa4cf41f5e61145/glamorous_black_floral_print_ruffle_a-line_dress.jpg,189,Elegant dress with a flattering silhouette — perfect for any occasion.,https://www.ajio.com/glamorous-floral-print-ruffle-a-line-dress/p/460972027_black,black,Women,
Closet London Bodycon Dress with Pleated Front and Ruffled Panel,2499,Clothing,Dresses,https://assets.ajio.com/medias/sys_master/root/h4a/hb5/11312916365342/closet_london_navy_blue_bodycon_dress_with_pleated_front_and_ruffled_panel.jpg,217,Elegant dress with a flattering silhouette — perfect for any occasion.,https://www.ajio.com/closet-london-bodycon-dress-with-pleated-front-and-ruffled-panel/p/460196212_navy,navy,Women,
Barrels And Oil Typographic Print High-Neck Sweatshirt,1699,Clothing,Sweatshirt & Hoodies,https://assets.ajio.com/medias/sys_master/root/20211126/eqBq/61a0fa53f997ddf8f11d25ed/barrels_and_oil_ecru_white_typographic_print_high-neck_sweatshirt.jpg,209,Comfortable everyday tee with relaxed fit and soft breathable fabric — perfect for casual wear.,https://www.ajio.com/barrels-and-oil-typographic-print-high-neck-sweatshirt/p/469047990_ecru,ecru,Women,
Oxxo Ribbed Sweetheart-Neck Fitted Cami Top,2599,Clothing,Tops,https://assets.ajio.com/medias/sys_master/root/20230518/tmQd/6466682542f9e729d798f4d1/oxxo_pink_ribbed_sweetheart-neck_fitted_cami_top.jpg,188,"Trendy top with a chic design — pairs well with jeans, skirts, or palazzos.",https://www.ajio.com/oxxo-ribbed-sweetheart-neck-fitted-cami-top/p/469291248_pink,pink,Women,
I Saw It First Typographic Print Crew-Neck T-shirt,1199,Clothing,Tshirts,https://assets.ajio.com/medias/sys_master/root/20220912/8qJw/631f4463f997dd1f8df70061/i_saw_it_first_white_typographic_print_crew-neck_t-shirt.jpg,351,Comfortable everyday tee with relaxed fit and soft breathable fabric — perfect for casual wear.,https://www.ajio.com/i-saw-it-first-typographic-print-crew-neck-t-shirt/p/469179842_white,white,Women,
Xint Crew Neck Regular Fit T-shirt,1499,Clothing,Tshirts,https://assets.ajio.com/medias/sys_master/root/20230914/aPdp/65033535afa4cf41f5e5bdfe/xint_off_white_crew_neck_regular_fit_t-shirt.jpg,217,Comfortable everyday tee with relaxed fit and soft breathable fabric — perfect for casual wear.,https://www.ajio.com/xint-crew-neck-regular-fit-t-shirt/p/469490503_offwhite,offwhite,Women,
Na-kd Floral Print A-line Dress,3099,Clothing,Dresses,https://assets.ajio.com/medias/sys_master/root/20230519/HTNS/646789d642f9e729d79cf059/na-kd_multicoloured_floral_print_a-line_dress.jpg,368,Elegant dress with a flattering silhouette — perfect for any occasion.,https://www.ajio.com/na-kd-floral-print-a-line-dress/p/469155524_blackmulti,blackmulti,Women,
Z-One Checked Round-Neck Pullover,2499,Clothing,Sweaters & Cardigans,https://assets.ajio.com/medias/sys_master/root/20230522/WCNj/646b94ed42f9e729d7a29cd8/z-one_green_checked_round-neck_pullover.jpg,339,Premium quality Sweaters & Cardigans at an unbeatable discounted price — grab it before stock runs out.,https://www.ajio.com/z-one-checked-round-neck-pullover/p/469058338_forestgreen,forestgreen,Women,
Oxxo Striped A-Line Skirt,1799,Clothing,Skirts,https://assets.ajio.com/medias/sys_master/root/20221125/OYM7/638101d3aeb269659cb71410/oxxo_yellow_%26_white_striped_a-line_skirt.jpg,288,Premium quality Skirts at an unbeatable discounted price — grab it before stock runs out.,https://www.ajio.com/oxxo-striped-a-line-skirt/p/469291277_white,white,Women,
TRENDYOL Typographic Print Crew-Neck Sweatshirt,1999,Clothing,Sweatshirt & Hoodies,https://assets.ajio.com/medias/sys_master/root/20221012/EnQa/6346dabef997ddfdbd23bf5b/trendyol_white_typographic_print_crew-neck_sweatshirt.jpg,181,Comfortable everyday tee with relaxed fit and soft breathable fabric — perfect for casual wear.,https://www.ajio.com/trendyol-typographic-print-crew-neck-sweatshirt/p/469038657_white,white,Women,
Na-kd Square-Neck Sheath Dress,2499,Clothing,Dresses,https://assets.ajio.com/medias/sys_master/root/20230519/TdKH/6467a2c9d55b7d0c63c97188/na-kd_black_square-neck_sheath_dress.jpg,316,Elegant dress with a flattering silhouette — perfect for any occasion.,https://www.ajio.com/na-kd-square-neck-sheath-dress/p/469188102_black,black,Women,
I Saw It First Chunky-Knit Loose Fit Pullover,2699,Clothing,Sweaters & Cardigans,https://assets.ajio.com/medias/sys_master/root/20230110/dx7f/63bd9050aeb269c651d57fae/i_saw_it_first_brown_chunky-knit_loose_fit_pullover.jpg,357,Premium quality Sweaters & Cardigans at an unbeatable discounted price — grab it before stock runs out.,https://www.ajio.com/i-saw-it-first-chunky-knit-loose-fit-pullover/p/469389275_multi,multi,Women,
Glamorous Floral Print Crop Top with Sweetheart Neckline,2299,Clothing,Tops,https://assets.ajio.com/medias/sys_master/root/20230914/VmeS/6503208fddf7791519d896c5/glamorous_blue_floral_print_crop_top_with_sweetheart_neckline.jpg,324,"Trendy top with a chic design — pairs well with jeans, skirts, or palazzos.",https://www.ajio.com/glamorous-floral-print-crop-top-with-sweetheart-neckline/p/460971973_blue,blue,Women,
Koton Crew-Neck T-shirt with Extended Sleeves,1199,Clothing,Tshirts,https://assets.ajio.com/medias/sys_master/root/20220921/Y40O/632b24a9aeb269dbb39c8965/koton_white_crew-neck_t-shirt_with_extended_sleeves.jpg,302,Comfortable everyday tee with relaxed fit and soft breathable fabric — perfect for casual wear.,https://www.ajio.com/koton-crew-neck-t-shirt-with-extended-sleeves/p/469253250_white,white,Women,
Y-LONDON Fitted Cowl-Neck Top,2199,Clothing,Tops,https://assets.ajio.com/medias/sys_master/root/20221115/ffQN/6373c593f997ddfdbd76bcb0/y-london_green_fitted_cowl-neck_top.jpg,291,"Trendy top with a chic design — pairs well with jeans, skirts, or palazzos.",https://www.ajio.com/y-london-fitted-cowl-neck-top/p/469371741_green,green,Women,
TERRANOVA Brand Print Hoodie with Kangaroo Pocket,2299,Clothing,Sweatshirt & Hoodies,https://assets.ajio.com/medias/sys_master/root/20230518/Iygm/64663e06d55b7d0c63c3c7d5/terranova_green_brand_print_hoodie_with_kangaroo_pocket.jpg,287,Comfortable everyday tee with relaxed fit and soft breathable fabric — perfect for casual wear.,https://www.ajio.com/terranova-brand-print-hoodie-with-kangaroo-pocket/p/469405487_emerald,emerald,Women,
TRENDYOL Checked A-Line Dress,2299,Clothing,Dresses,https://assets.ajio.com/medias/sys_master/root/20220912/WgIO/631f6084f997dd1f8df7f271/trendyol_green_checked_a-line_dress.jpg,333,Elegant dress with a flattering silhouette — perfect for any occasion.,https://www.ajio.com/trendyol-checked-a-line-dress/p/469161331_green,green,Women,
Glamorous Ribbed Crew-Neck Top,1699,Clothing,Tops,https://assets.ajio.com/medias/sys_master/root/20230914/87M5/65033247ddf7791519d90c8a/glamorous_black_ribbed_crew-neck_top.jpg,235,"Trendy top with a chic design — pairs well with jeans, skirts, or palazzos.",https://www.ajio.com/glamorous-ribbed-crew-neck-top/p/460972017_black,black,Women,
TRENDYOL Crew-Neck T-shirt with Patch Pocket,1099,Clothing,Tshirts,https://assets.ajio.com/medias/sys_master/root/20221012/a5hZ/6346d6efaeb269659c3fe162/trendyol_yellow_crew-neck_t-shirt_with_patch_pocket.jpg,229,Comfortable everyday tee with relaxed fit and soft breathable fabric — perfect for casual wear.,https://www.ajio.com/trendyol-crew-neck-t-shirt-with-patch-pocket/p/469104547_mustard,mustard,Women,
Xint Ribbed Top with One-Shoulder,1299,Clothing,Tops,https://assets.ajio.com/medias/sys_master/root/20230914/DnZU/65032bb3afa4cf41f5e538c1/xint_green_ribbed_top_with_one-shoulder.jpg,360,"Trendy top with a chic design — pairs well with jeans, skirts, or palazzos.",https://www.ajio.com/xint-ribbed-top-with-one-shoulder/p/469490622_pistagreen,pistagreen,Women,
Xint Knitted Round-Neck Top,1799,Clothing,Tops,https://assets.ajio.com/medias/sys_master/root/20230914/np1g/65031f20afa4cf41f5e4f0a6/xint_pista_green_knitted_round-neck_top.jpg,362,"Trendy top with a chic design — pairs well with jeans, skirts, or palazzos.",https://www.ajio.com/xint-knitted-round-neck-top/p/469490619_pistagreen,pistagreen,Women,
Oxxo Fitted Strappy Top,1699,Clothing,Tops,https://assets.ajio.com/medias/sys_master/root/20221125/qVdw/6381006baeb269659cb70878/oxxo_cream_fitted_strappy_top.jpg,395,"Trendy top with a chic design — pairs well with jeans, skirts, or palazzos.",https://www.ajio.com/oxxo-fitted-strappy-top/p/469291477_cream,cream,Women,
Oxxo Slim Fit Pants with Insert Pockets,2599,Clothing,Trousers & Pants,https://assets.ajio.com/medias/sys_master/root/20221125/joQV/6380e161f997ddfdbd9e1af7/oxxo_orange_slim_fit_pants_with_insert_pockets.jpg,341,Well-tailored trousers with a clean finish — ideal for formal and semi-formal occasions.,https://www.ajio.com/oxxo-slim-fit-pants-with-insert-pockets/p/469291516_orange,orange,Women,
Wknd Tie & Dye Shift Dress,1899,Clothing,Dresses,https://assets.ajio.com/medias/sys_master/root/20230601/orII/64781f63d55b7d0c632f8be1/wknd_green_tie_%26_dye_shift_dress.jpg,290,Elegant dress with a flattering silhouette — perfect for any occasion.,https://www.ajio.com/wknd-tie--dye-shift-dress/p/469356367_mint,mint,Women,
Penti Strappy One-Shoulder Top,1399,Clothing,Tops,https://assets.ajio.com/medias/sys_master/root/20210820/msDR/611fc4daaeb269a26878ea35/penti_black_strappy_one-shoulder_top.jpg,236,"Trendy top with a chic design — pairs well with jeans, skirts, or palazzos.",https://www.ajio.com/penti-strappy-one-shoulder-top/p/460950502_black,black,Women,
Koton Crew-Neck T-Shirt with Elasticated Waist,1499,Clothing,Tshirts,https://assets.ajio.com/medias/sys_master/root/20230517/5tBX/6464c69bd55b7d0c63bd0c93/koton_grey_crew-neck_t-shirt_with_elasticated_waist.jpg,337,Comfortable everyday tee with relaxed fit and soft breathable fabric — perfect for casual wear.,https://www.ajio.com/koton-crew-neck-t-shirt-with-elasticated-waist/p/469253259_lightbrown,lightbrown,Women,
Colin's Printed Relaxed Fit Round-Neck T-Shirt,2199,Clothing,Tshirts,https://assets.ajio.com/medias/sys_master/root/20230516/R3ek/64639f24d55b7d0c63b990ff/colin%27s_black_printed_relaxed_fit_round-neck_t-shirt.jpg,304,Comfortable everyday tee with relaxed fit and soft breathable fabric — perfect for casual wear.,https://www.ajio.com/colin-s-printed-relaxed-fit-round-neck-t-shirt/p/469348249_green,green,Women,
Oxxo Tiered Skirt with Elasticated Drawstring Waist,2299,Clothing,Skirts,https://assets.ajio.com/medias/sys_master/root/20221125/nhE2/6380f0f5aeb269659cb66f19/oxxo_beige_tiered_skirt_with_elasticated_drawstring_waist.jpg,185,Premium quality Skirts at an unbeatable discounted price — grab it before stock runs out.,https://www.ajio.com/oxxo-tiered-skirt-with-elasticated-drawstring-waist/p/469291230_beige,beige,Women,
Y-LONDON Floral Print Tiered Dress,2499,Clothing,Dresses,https://assets.ajio.com/medias/sys_master/root/20221115/Qiek/6373bae8f997ddfdbd767fac/y-london_green_floral_print_tiered_dress.jpg,172,Elegant dress with a flattering silhouette — perfect for any occasion.,https://www.ajio.com/y-london-floral-print-tiered-dress/p/469371999_green,green,Women,
TRENDYOL Crew-Neck Cropped Sweatshirt with Drop Shoulders,2299,Clothing,Sweatshirt & Hoodies,https://assets.ajio.com/medias/sys_master/root/20230518/X2Gr/646649bc42f9e729d797f62d/trendyol_purple_crew-neck_cropped_sweatshirt_with_drop_shoulders.jpg,226,Comfortable everyday tee with relaxed fit and soft breathable fabric — perfect for casual wear.,https://www.ajio.com/trendyol-crew-neck-cropped-sweatshirt-with-drop-shoulders/p/460817163_purple,purple,Women,
Colin's Slim Fit Shirt with Patch Pocket,1799,Clothing,Shirts,https://assets.ajio.com/medias/sys_master/root/20230516/jCAs/6463974fd55b7d0c63b96317/colin%27s_blue_slim_fit_shirt_with_patch_pocket.jpg,371,Classic regular-fit shirt with clean collar — versatile for both office and casual outings.,https://www.ajio.com/colin-s-slim-fit-shirt-with-patch-pocket/p/469348149_blue,blue,Women,
Mavi Slim Fit Crew-Neck T-Shirt,1199,Clothing,Tshirts,https://assets.ajio.com/medias/sys_master/root/20221012/QxET/6346dbaef997ddfdbd23c83a/mavi_blue_slim_fit_crew-neck_t-shirt.jpg,186,Comfortable everyday tee with relaxed fit and soft breathable fabric — perfect for casual wear.,https://www.ajio.com/mavi-slim-fit-crew-neck-t-shirt/p/469224882_blue,blue,Women,
I Saw It First Gingham Checked Off-Shoulder Crop Top,1499,Clothing,Tops,https://assets.ajio.com/medias/sys_master/root/20230518/VFB8/6465255842f9e729d793178a/i_saw_it_first_pink_gingham_checked_off-shoulder_crop_top.jpg,157,"Trendy top with a chic design — pairs well with jeans, skirts, or palazzos.",https://www.ajio.com/i-saw-it-first-gingham-checked-off-shoulder-crop-top/p/469179634_pink,pink,Women,
LC Waikiki Round-Neck Top with Button Embellishment,1399,Clothing,Tops,https://assets.ajio.com/medias/sys_master/root/20221125/46ah/6380f258f997ddfdbd9ec2ac/lc_waikiki_off-white_round-neck_top_with_button_embellishment.jpg,209,"Trendy top with a chic design — pairs well with jeans, skirts, or palazzos.",https://www.ajio.com/lc-waikiki-round-neck-top-with-button-embellishment/p/469207807_offwhite,offwhite,Men,
Glamorous Floral Print High-Neck Crop Top,2499,Clothing,Tops,https://assets.ajio.com/medias/sys_master/root/20230914/a3GP/65032977afa4cf41f5e52e26/glamorous_white_%26_blue_floral_print_high-neck_crop_top.jpg,272,"Trendy top with a chic design — pairs well with jeans, skirts, or palazzos.",https://www.ajio.com/glamorous-floral-print-high-neck-crop-top/p/460971932_printed,printed,Women,
Xint Striped Pants with Cuffed Hem,2799,Clothing,Trousers & Pants,https://assets.ajio.com/medias/sys_master/root/20230914/Vory/65033afbafa4cf41f5e5fd90/xint_off_white_striped_pants_with_cuffed_hem.jpg,244,Well-tailored trousers with a clean finish — ideal for formal and semi-formal occasions.,https://www.ajio.com/xint-striped-pants-with-cuffed-hem/p/469490361_yellowstripes,yellowstripes,Women,
LTB Crop V-Neck T-Shirt with Knot Accent,1399,Clothing,Tshirts,https://assets.ajio.com/medias/sys_master/root/20230914/L1R6/65033878afa4cf41f5e5ee41/ltb_white_crop_v-neck_t-shirt_with_knot_accent.jpg,372,Comfortable everyday tee with relaxed fit and soft breathable fabric — perfect for casual wear.,https://www.ajio.com/ltb-crop-v-neck-t-shirt-with-knot-accent/p/469359613_offwhite,offwhite,Women,
Na-kd Ribbed Open-Front Cardigan,2999,Clothing,Sweaters & Cardigans,https://assets.ajio.com/medias/sys_master/root/20221125/5lDD/6380eabbf997ddfdbd9e760b/na-kd_beige_ribbed_open-front_cardigan.jpg,197,Premium quality Sweaters & Cardigans at an unbeatable discounted price — grab it before stock runs out.,https://www.ajio.com/na-kd-ribbed-open-front-cardigan/p/469293722_beige,beige,Women,
Oxxo Micro Print Scoop-Neck Pullover,1799,Clothing,Sweaters & Cardigans,https://assets.ajio.com/medias/sys_master/root/20230519/5Nj1/6466880cd55b7d0c63c5ebaf/oxxo_black_micro_print_scoop-neck_pullover.jpg,273,Premium quality Sweaters & Cardigans at an unbeatable discounted price — grab it before stock runs out.,https://www.ajio.com/oxxo-micro-print-scoop-neck-pullover/p/469291333_black,black,Women,
Oxxo Printed Tiered Skirt with Smocked Waist,2199,Clothing,Skirts,https://assets.ajio.com/medias/sys_master/root/20221125/szoK/6380ff76f997ddfdbd9f4d90/oxxo_blue_printed_tiered_skirt_with_smocked_waist.jpg,248,Premium quality Skirts at an unbeatable discounted price — grab it before stock runs out.,https://www.ajio.com/oxxo-printed-tiered-skirt-with-smocked-waist/p/469291451_blue,blue,Women,
Na-kd Bodycon Dress with Cutout,2999,Clothing,Dresses,https://assets.ajio.com/medias/sys_master/root/20220915/4vfK/63234052aeb269dbb38d52fa/na-kd_green_bodycon_dress_with_cutout.jpg,197,Elegant dress with a flattering silhouette — perfect for any occasion.,https://www.ajio.com/na-kd-bodycon-dress-with-cutout/p/469276726_green,green,Women,
Oxxo Striped Palazzo with Insert Pocket,2599,Clothing,Trousers & Pants,https://assets.ajio.com/medias/sys_master/root/20230518/KuOH/64665c6d42f9e729d7989eb0/oxxo_beige_%26_white_striped_palazzo_with_insert_pocket.jpg,385,Well-tailored trousers with a clean finish — ideal for formal and semi-formal occasions.,https://www.ajio.com/oxxo-striped-palazzo-with-insert-pocket/p/469150973_beige,beige,Women,
TRENDYOL Round-Neck Shift Dress,1899,Clothing,Dresses,https://assets.ajio.com/medias/sys_master/root/20230518/0spb/6466692dd55b7d0c63c5014a/trendyol_navy_blue_round-neck_shift_dress.jpg,288,Elegant dress with a flattering silhouette — perfect for any occasion.,https://www.ajio.com/trendyol-round-neck-shift-dress/p/460848745_navyblue,navyblue,Women,
Oxxo Lightly Washed Slim Fit Distressed Jeans,2599,Clothing,Jeans & Jeggings,https://assets.ajio.com/medias/sys_master/root/20230518/CBL5/64664f6942f9e729d7981abf/oxxo_blue_lightly_washed_slim_fit_distressed_jeans.jpg,186,Stylish jeans with a comfortable fit and durable fabric — a wardrobe essential.,https://www.ajio.com/oxxo-lightly-washed-slim-fit-distressed-jeans/p/469291115_denim,denim,Women,
Oxxo A-line Skirt with High-Low Hem,1599,Clothing,Skirts,https://assets.ajio.com/medias/sys_master/root/20221125/7b6G/6380f14ff997ddfdbd9eb550/oxxo_black_a-line_skirt_with_high-low_hem.jpg,210,Premium quality Skirts at an unbeatable discounted price — grab it before stock runs out.,https://www.ajio.com/oxxo-a-line-skirt-with-high-low-hem/p/469291254_black,black,Women,
TERRANOVA Colourblock Hoodie with Ribbed Hems,2299,Clothing,Sweatshirt & Hoodies,https://assets.ajio.com/medias/sys_master/root/20230518/NQ3L/64665c76d55b7d0c63c4a66c/terranova_ivory_%26_brown_colourblock_hoodie_with_ribbed_hems.jpg,193,Comfortable everyday tee with relaxed fit and soft breathable fabric — perfect for casual wear.,https://www.ajio.com/terranova-colourblock-hoodie-with-ribbed-hems/p/469405429_ivory,ivory,Women,
TRENDYOL Ribbed Fitted Round-Neck Top,1499,Clothing,Tops,https://assets.ajio.com/medias/sys_master/root/20230518/ZcPv/64666a0542f9e729d798ff02/trendyol_grey_ribbed_fitted_round-neck_top.jpg,345,"Trendy top with a chic design — pairs well with jeans, skirts, or palazzos.",https://www.ajio.com/trendyol-ribbed-fitted-round-neck-top/p/469305061_gray,gray,Women,
LC Waikiki Printed V-Neck Strappy Top,1699,Clothing,Tops,https://assets.ajio.com/medias/sys_master/root/20230515/WWF7/6462554042f9e729d7873b4f/lc_waikiki_blue_printed_v-neck_strappy_top.jpg,349,"Trendy top with a chic design — pairs well with jeans, skirts, or palazzos.",https://www.ajio.com/lc-waikiki-printed-v-neck-strappy-top/p/469252713_blue,blue,Women,
Y-LONDON Ribbed Round-Neck Bodycon Dress,2299,Clothing,Dresses,https://assets.ajio.com/medias/sys_master/root/20221115/sc16/6373c7ecf997ddfdbd76c96b/y-london_black_ribbed_round-neck_bodycon_dress.jpg,324,Elegant dress with a flattering silhouette — perfect for any occasion.,https://www.ajio.com/y-london-ribbed-round-neck-bodycon-dress/p/469371891_khaki,khaki,Women,
Glamorous Smocked Off-Shoulder Top,1499,Clothing,Tops,https://assets.ajio.com/medias/sys_master/root/20230914/M7Mm/65032176afa4cf41f5e4ff5a/glamorous_orange_smocked_off-shoulder_top.jpg,169,"Trendy top with a chic design — pairs well with jeans, skirts, or palazzos.",https://www.ajio.com/glamorous-smocked-off-shoulder-top/p/460971850_red,red,Women,
Oxxo Printed Mid-Rise Skinny Fit Jeans,2599,Clothing,Jeans & Jeggings,https://assets.ajio.com/medias/sys_master/root/20221125/Zqfd/6380ff02f997ddfdbd9f48aa/oxxo_blue_printed_mid-rise_skinny_fit_jeans.jpg,193,Stylish jeans with a comfortable fit and durable fabric — a wardrobe essential.,https://www.ajio.com/oxxo-printed-mid-rise-skinny-fit-jeans/p/469291116_blue,blue,Women,
Oxxo Swiss-Dot Sharara with Half Zip-Closure,2599,Clothing,Trousers & Pants,https://assets.ajio.com/medias/sys_master/root/20230519/wRhV/6466810e42f9e729d799b350/oxxo_blue_swiss-dot_sharara_with_half_zip-closure.jpg,347,Well-tailored trousers with a clean finish — ideal for formal and semi-formal occasions.,https://www.ajio.com/oxxo-swiss-dot-sharara-with-half-zip-closure/p/469291245_blue,blue,Women,
Oxxo Strappy Off-Shoulder Pullover,1699,Clothing,Sweaters & Cardigans,https://assets.ajio.com/medias/sys_master/root/20240319/fDUV/65f94ef816fd2c6e6a6a53bd/oxxo_cream_strappy_off-shoulder_pullover.jpg,260,Premium quality Sweaters & Cardigans at an unbeatable discounted price — grab it before stock runs out.,https://www.ajio.com/oxxo-strappy-off-shoulder-pullover/p/469291268_cream,cream,Women,
Colin's Tropical Print Sheath Dress,2099,Clothing,Dresses,https://assets.ajio.com/medias/sys_master/root/20230516/Dnvp/6463b8f2d55b7d0c63ba3b24/colin%27s_white_tropical_print_sheath_dress.jpg,347,Elegant dress with a flattering silhouette — perfect for any occasion.,https://www.ajio.com/colin-s-tropical-print-sheath-dress/p/469348131_white,white,Women,
Mavi Micro Print Shirt Top,2999,Clothing,Tops & Tshirts,https://assets.ajio.com/medias/sys_master/root/20221012/OdTI/6346d6eff997ddfdbd23a080/mavi_multicoloured_micro_print_shirt_top.jpg,308,Comfortable everyday tee with relaxed fit and soft breathable fabric — perfect for casual wear.,https://www.ajio.com/mavi-micro-print-shirt-top/p/469045609_purple,purple,Women,
Oxxo Pleat-Front Pants with Insert Pockets,2499,Clothing,Trousers & Pants,https://assets.ajio.com/medias/sys_master/root/20230518/12d3/64663a31d55b7d0c63c3ad53/oxxo_peach_pleat-front_pants_with_insert_pockets.jpg,282,Well-tailored trousers with a clean finish — ideal for formal and semi-formal occasions.,https://www.ajio.com/oxxo-pleat-front-pants-with-insert-pockets/p/469151046_ltpink,ltpink,Women,
Koton Off-Shoulder A-line Dress with Ruffled Overlay,2799,Clothing,Dresses,https://assets.ajio.com/medias/sys_master/root/20230517/Wm3k/6464c34842f9e729d7907e04/koton_mustard_off-shoulder_a-line_dress_with_ruffled_overlay.jpg,220,Elegant dress with a flattering silhouette — perfect for any occasion.,https://www.ajio.com/koton-off-shoulder-a-line-dress-with-ruffled-overlay/p/460694237_mustard,mustard,Women,
Xint Ribbed Top with One-Shoulder,1299,Clothing,Tops,https://assets.ajio.com/medias/sys_master/root/20230914/eE6z/65031ae6ddf7791519d86fc8/xint_blue_ribbed_top_with_one-shoulder.jpg,349,"Trendy top with a chic design — pairs well with jeans, skirts, or palazzos.",https://www.ajio.com/xint-ribbed-top-with-one-shoulder/p/469490622_blue,blue,Women,
Oxxo Floral Print Flared Skirt,2299,Clothing,Skirts,https://assets.ajio.com/medias/sys_master/root/20230518/vQIF/64665c5d42f9e729d7989ccb/oxxo_green_floral_print_flared_skirt.jpg,369,Premium quality Skirts at an unbeatable discounted price — grab it before stock runs out.,https://www.ajio.com/oxxo-floral-print-flared-skirt/p/469291222_green,green,Women,
Xint Colourblock Strappy Sheath Dress,2199,Clothing,Dresses,https://assets.ajio.com/medias/sys_master/root/20230914/EEc6/650336efafa4cf41f5e5e385/xint_champagne_gold_%26_white_colourblock_strappy_sheath_dress.jpg,319,Elegant dress with a flattering silhouette — perfect for any occasion.,https://www.ajio.com/xint-colourblock-strappy-sheath-dress/p/469490397_champagnewhite,champagnewhite,Women,
BRAVE SOUL Knitted Pullover with Ribbed Hems,1799,Clothing,Sweaters & Cardigans,https://assets.ajio.com/medias/sys_master/root/20221125/Pzf5/6380dae5aeb269659cb5a682/brave_soul_orange_knitted_pullover_with_ribbed_hems.jpg,243,Premium quality Sweaters & Cardigans at an unbeatable discounted price — grab it before stock runs out.,https://www.ajio.com/brave-soul-knitted-pullover-with-ribbed-hems/p/460975872_orange,orange,Women,
Koton V-Neck Bodycon Shimmer Dress,2599,Clothing,Dresses,https://assets.ajio.com/medias/sys_master/root/20230517/upAG/6464bf89d55b7d0c63bc9d5b/koton_black_v-neck_bodycon_shimmer_dress.jpg,273,Elegant dress with a flattering silhouette — perfect for any occasion.,https://www.ajio.com/koton-v-neck-bodycon-shimmer-dress/p/469388735_black,black,Women,
Mavi Shirt with Patch Pocket,2599,Clothing,Shirts,https://assets.ajio.com/medias/sys_master/root/20220912/INbq/631f4911f997dd1f8df72a89/mavi_white_shirt_with_patch_pocket.jpg,344,Classic regular-fit shirt with clean collar — versatile for both office and casual outings.,https://www.ajio.com/mavi-shirt-with-patch-pocket/p/469187577_white,white,Women,
Y-LONDON Striped Sheath Dress with Insert Pockets,2299,Clothing,Dresses,https://assets.ajio.com/medias/sys_master/root/20221114/WktL/63727165aeb269659c8c307b/y-london_white_striped_sheath_dress_with_insert_pockets.jpg,322,Elegant dress with a flattering silhouette — perfect for any occasion.,https://www.ajio.com/y-london-striped-sheath-dress-with-insert-pockets/p/469371967_pinkoffwhite,pinkoffwhite,Women,
Mavi Women Typographic Print Fitted Round-Neck T-Shirt,1399,Clothing,Tshirts,https://assets.ajio.com/medias/sys_master/root/20240305/aAMz/65e72f6405ac7d77bb9899a6/mavi_white_women_typographic_print_fitted_round-neck_t-shirt.jpg,231,Comfortable everyday tee with relaxed fit and soft breathable fabric — perfect for casual wear.,https://www.ajio.com/mavi-women-typographic-print-fitted-round-neck-t-shirt/p/469608548_white,white,Men,
Colin's Striped Crew-Neck Pullover,2299,Clothing,Sweaters & Cardigans,https://assets.ajio.com/medias/sys_master/root/20230516/eHR9/6463b17542f9e729d78d7927/colin%27s_multicoloured_striped_crew-neck_pullover.jpg,204,Premium quality Sweaters & Cardigans at an unbeatable discounted price — grab it before stock runs out.,https://www.ajio.com/colin-s-striped-crew-neck-pullover/p/469348197_multicolor,multicolor,Women,
Na-kd V-Neck Skater Dress,3299,Clothing,Dresses,https://assets.ajio.com/medias/sys_master/root/20230519/FCUU/646797df42f9e729d79d409f/na-kd_yellow_v-neck_skater_dress.jpg,314,Elegant dress with a flattering silhouette — perfect for any occasion.,https://www.ajio.com/na-kd-v-neck-skater-dress/p/469188099_yellow,yellow,Women,
Na-kd Cable-Knit Off-Shoulder Pullover,2799,Clothing,Sweaters & Cardigans,https://assets.ajio.com/medias/sys_master/root/20221125/HCXo/6380ef19f997ddfdbd9ea0c7/na-kd_green_cable-knit_off-shoulder_pullover.jpg,392,Premium quality Sweaters & Cardigans at an unbeatable discounted price — grab it before stock runs out.,https://www.ajio.com/na-kd-cable-knit-off-shoulder-pullover/p/469293756_lightgreen,lightgreen,Women,
Na-kd Halter Neck Crop Top,1999,Clothing,Tops,https://assets.ajio.com/medias/sys_master/root/20221125/Z96p/6381015df997ddfdbd9f62aa/na-kd_green_halter_neck_crop_top.jpg,190,"Trendy top with a chic design — pairs well with jeans, skirts, or palazzos.",https://www.ajio.com/na-kd-halter-neck-crop-top/p/469215207_green,green,Women,
Na-kd Strappy Bodycon Dress,2499,Clothing,Dresses,https://assets.ajio.com/medias/sys_master/root/20221125/wEAj/6380dccaf997ddfdbd9df016/na-kd_white_strappy_bodycon_dress.jpg,150,Elegant dress with a flattering silhouette — perfect for any occasion.,https://www.ajio.com/na-kd-strappy-bodycon-dress/p/469293963_white,white,Women,
Oxxo Ribbed Fitted Top with Cutout,1699,Clothing,Tops,https://assets.ajio.com/medias/sys_master/root/20221125/kOcH/6381005daeb269659cb706ef/oxxo_yellow_ribbed_fitted_top_with_cutout.jpg,191,"Trendy top with a chic design — pairs well with jeans, skirts, or palazzos.",https://www.ajio.com/oxxo-ribbed-fitted-top-with-cutout/p/469291467_yellow,yellow,Women,
Y-LONDON Round-Neck Lace Bodycon Dress,2299,Clothing,Dresses,https://assets.ajio.com/medias/sys_master/root/20221216/yZDI/639ca84baeb269659cf05658/y-london_pink_round-neck_lace_bodycon_dress.jpg,316,Elegant dress with a flattering silhouette — perfect for any occasion.,https://www.ajio.com/y-london-round-neck-lace-bodycon-dress/p/469371965_pinkoffwhite,pinkoffwhite,Women,
Oxxo Off-Shoulder Twist-Front Crop Top,1499,Clothing,Tops,https://assets.ajio.com/medias/sys_master/root/20221125/GEL4/6380e1f0f997ddfdbd9e24b8/oxxo_rust_off-shoulder_twist-front_crop_top.jpg,316,"Trendy top with a chic design — pairs well with jeans, skirts, or palazzos.",https://www.ajio.com/oxxo-off-shoulder-twist-front-crop-top/p/469291077_orange,orange,Women,
Y-LONDON Floral Print Wrap Dress with Insert Pocket,2999,Clothing,Dresses,https://assets.ajio.com/medias/sys_master/root/20221115/Wzbh/6373d0f6f997ddfdbd770417/y-london_pink_floral_print_wrap_dress_with_insert_pocket.jpg,355,Elegant dress with a flattering silhouette — perfect for any occasion.,https://www.ajio.com/y-london-floral-print-wrap-dress-with-insert-pocket/p/469372003_fuchsia,fuchsia,Women,
Na-kd Swiss-Dot A-line Dress with Belt,3099,Clothing,Dresses,https://assets.ajio.com/medias/sys_master/root/20220915/82SJ/63233ba6aeb269dbb38d2e08/na-kd_lilac_swiss-dot_a-line_dress_with_belt.jpg,277,Elegant dress with a flattering silhouette — perfect for any occasion.,https://www.ajio.com/na-kd-swiss-dot-a-line-dress-with-belt/p/469276912_lilac,lilac,Women,
I Saw It First Button-Down Off-Shoulder Crop Top,1299,Clothing,Tops,https://assets.ajio.com/medias/sys_master/root/20230110/Cye8/63bd82c1f997dd708efbe48a/i_saw_it_first_white_button-down_off-shoulder_crop_top.jpg,305,"Trendy top with a chic design — pairs well with jeans, skirts, or palazzos.",https://www.ajio.com/i-saw-it-first-button-down-off-shoulder-crop-top/p/469291818_white,white,Women,
Na-kd Ribbed Open-Back Top,1899,Clothing,Tops,https://assets.ajio.com/medias/sys_master/root/20230519/eYCW/64679caf42f9e729d79d5fdd/na-kd_white_ribbed_open-back_top.jpg,181,"Trendy top with a chic design — pairs well with jeans, skirts, or palazzos.",https://www.ajio.com/na-kd-ribbed-open-back-top/p/469155533_offwhite,offwhite,Women,
LC Waikiki Ikat Print V-neck Playsuit,2599,Clothing,Jumpsuits &Playsuits,https://assets.ajio.com/medias/sys_master/root/20221125/SqM5/6380dd4daeb269659cb5bdee/lc_waikiki_multicolored_ikat_print_v-neck_playsuit.jpg,158,Premium quality Jumpsuits &Playsuits at an unbeatable discounted price — grab it before stock runs out.,https://www.ajio.com/lc-waikiki-ikat-print-v-neck-playsuit/p/469207647_ecru,ecru,Women,
Y-LONDON Shift Dress with Ruffles,2299,Clothing,Dresses,https://assets.ajio.com/medias/sys_master/root/20221115/h4JN/6373cf8ff997ddfdbd76fccb/y-london_green_shift_dress_with_ruffles.jpg,369,Elegant dress with a flattering silhouette — perfect for any occasion.,https://www.ajio.com/y-london-shift-dress-with-ruffles/p/469371943_mint,mint,Women,
I Saw It First Polka-Dots Print Off-Shoulder Dress,2299,Clothing,Dresses,https://assets.ajio.com/medias/sys_master/root/20230615/2WKS/648afaf642f9e729d7444892/i_saw_it_first_red_%26_white_polka-dots_print_off-shoulder_dress.jpg,170,Elegant dress with a flattering silhouette — perfect for any occasion.,https://www.ajio.com/i-saw-it-first-polka-dots-print-off-shoulder-dress/p/469179652_red,red,Women,
Oxxo Straight Fit Flat-Front Trousers,2299,Clothing,Trousers & Pants,https://assets.ajio.com/medias/sys_master/root/20221125/1BRr/63810338aeb269659cb72284/oxxo_brown_straight_fit_flat-front_trousers.jpg,175,Well-tailored trousers with a clean finish — ideal for formal and semi-formal occasions.,https://www.ajio.com/oxxo-straight-fit-flat-front-trousers/p/469291111_brown,brown,Women,
Oxxo Pencil Skirt with Side Slit,1799,Clothing,Skirts,https://assets.ajio.com/medias/sys_master/root/20221125/FOoP/6380e3d6aeb269659cb5f73c/oxxo_beige_pencil_skirt_with_side_slit.jpg,315,Premium quality Skirts at an unbeatable discounted price — grab it before stock runs out.,https://www.ajio.com/oxxo-pencil-skirt-with-side-slit/p/469291076_cream,cream,Women,
Y-LONDON Bootcut Flat-Front Pants,3199,Clothing,Trousers & Pants,https://assets.ajio.com/medias/sys_master/root/20221116/qVjb/6373df86f997ddfdbd774f56/y-london_black_bootcut_flat-front_pants.jpg,245,Well-tailored trousers with a clean finish — ideal for formal and semi-formal occasions.,https://www.ajio.com/y-london-bootcut-flat-front-pants/p/469371861_black,black,Women,
Oxxo V-neck Sleeveless A-line Dress,3799,Clothing,Dresses,https://assets.ajio.com/medias/sys_master/root/20221125/QrZB/6380e62eaeb269659cb60d18/oxxo_black_v-neck_sleeveless_a-line_dress.jpg,151,Elegant dress with a flattering silhouette — perfect for any occasion.,https://www.ajio.com/oxxo-v-neck-sleeveless-a-line-dress/p/469291334_black,black,Women,
Na-kd Ribbed V-Neck Cardigan with Pearl Accent,2799,Clothing,Sweaters & Cardigans,https://assets.ajio.com/medias/sys_master/root/20230519/I2JE/646792cd42f9e729d79d23de/na-kd_lavender_ribbed_v-neck_cardigan_with_pearl_accent.jpg,296,Premium quality Sweaters & Cardigans at an unbeatable discounted price — grab it before stock runs out.,https://www.ajio.com/na-kd-ribbed-v-neck-cardigan-with-pearl-accent/p/469293728_lilac,lilac,Women,
Oxxo Striped Fitted Twist-Front Crop Top,1599,Clothing,Tops,https://assets.ajio.com/medias/sys_master/root/20221125/aNN3/6380ee2bf997ddfdbd9e9a71/oxxo_purple_striped_fitted_twist-front_crop_top.jpg,345,"Trendy top with a chic design — pairs well with jeans, skirts, or palazzos.",https://www.ajio.com/oxxo-striped-fitted-twist-front-crop-top/p/469291464_purple,purple,Women,
Barrels And Oil Typographic Print Crew-Neck Sweatshirt,1999,Clothing,Sweatshirt & Hoodies,https://assets.ajio.com/medias/sys_master/root/20221226/yYKB/63a940acf997ddfdbdf636cb/barrels_and_oil_white_typographic_print_crew-neck_sweatshirt.jpg,232,Comfortable everyday tee with relaxed fit and soft breathable fabric — perfect for casual wear.,https://www.ajio.com/barrels-and-oil-typographic-print-crew-neck-sweatshirt/p/469047873_ecru,ecru,Women,
TRENDYOL Placement Typographic Print Crew-Neck Sweatshirt,1999,Clothing,Sweatshirt & Hoodies,https://assets.ajio.com/medias/sys_master/root/20210903/86Ic/61313badf997ddce89b8e6b5/trendyol_black_placement_typographic_print_crew-neck_sweatshirt.jpg,253,Comfortable everyday tee with relaxed fit and soft breathable fabric — perfect for casual wear.,https://www.ajio.com/trendyol-placement-typographic-print-crew-neck-sweatshirt/p/460996143_black,black,Men,
TRENDYOL Sweatshirt with Cuffed Sleeves,1699,Clothing,Sweatshirt & Hoodies,https://assets.ajio.com/medias/sys_master/root/20221125/WLkb/6381015baeb269659cb7116b/trendyol_black_sweatshirt_with_cuffed_sleeves.jpg,226,Comfortable everyday tee with relaxed fit and soft breathable fabric — perfect for casual wear.,https://www.ajio.com/trendyol-sweatshirt-with-cuffed-sleeves/p/469277717_black,black,Women,
Y-LONDON Striped V-Neck Jumpsuit with Tie-Up,3299,Clothing,Jumpsuits &Playsuits,https://assets.ajio.com/medias/sys_master/root/20221115/eStJ/6373a3f4f997ddfdbd760105/y-london_beige_striped_v-neck_jumpsuit_with_tie-up.jpg,173,Premium quality Jumpsuits &Playsuits at an unbeatable discounted price — grab it before stock runs out.,https://www.ajio.com/y-london-striped-v-neck-jumpsuit-with-tie-up/p/469372067_beige,beige,Women,
Xint Pinted A-Line Dress with Front Tie-Up,2999,Clothing,Dresses,https://assets.ajio.com/medias/sys_master/root/20230914/Zl9K/65033ab6afa4cf41f5e5fc38/xint_beige_pinted_a-line_dress_with_front_tie-up.jpg,195,Elegant dress with a flattering silhouette — perfect for any occasion.,https://www.ajio.com/xint-pinted-a-line-dress-with-front-tie-up/p/469490387_beige,beige,Women,
TRENDYOL Graphic Print Hoodie with Kangaroo Pocket,2799,Clothing,Sweatshirt & Hoodies,https://assets.ajio.com/medias/sys_master/root/20210903/S5wS/61314d00f997ddce89b91c42/trendyol_grey_graphic_print_hoodie_with_kangaroo_pocket.jpg,224,Comfortable everyday tee with relaxed fit and soft breathable fabric — perfect for casual wear.,https://www.ajio.com/trendyol-graphic-print-hoodie-with-kangaroo-pocket/p/460995889_gray,gray,Women,
TRENDYOL Typographic Print Crew-Neck Sweatshirt,1699,Clothing,Sweatshirt & Hoodies,https://assets.ajio.com/medias/sys_master/root/20221125/QZzC/6380d283aeb269659cb55ac2/trendyol_grey_typographic_print_crew-neck_sweatshirt.jpg,209,Comfortable everyday tee with relaxed fit and soft breathable fabric — perfect for casual wear.,https://www.ajio.com/trendyol-typographic-print-crew-neck-sweatshirt/p/469277729_grey,grey,Women,
BRAVE SOUL Hoodie with Kangaroo Pocket,1799,Clothing,Sweatshirt & Hoodies,https://assets.ajio.com/medias/sys_master/root/20221125/1ac0/6380f3bef997ddfdbd9ecf23/brave_soul_navy_blue_hoodie_with_kangaroo_pocket.jpg,307,Comfortable everyday tee with relaxed fit and soft breathable fabric — perfect for casual wear.,https://www.ajio.com/brave-soul-hoodie-with-kangaroo-pocket/p/460975967_navyblue,navyblue,Women,
Oxxo Straight Fit Culottes with Buttons Closure,3199,Clothing,Trousers & Pants,https://assets.ajio.com/medias/sys_master/root/20230518/8h1x/64663b26d55b7d0c63c3b57f/oxxo_blue_straight_fit_culottes_with_buttons_closure.jpg,263,Well-tailored trousers with a clean finish — ideal for formal and semi-formal occasions.,https://www.ajio.com/oxxo-straight-fit-culottes-with-buttons-closure/p/469291162_blue,blue,Women,
Y-LONDON Twofer Jumpsuit with Tie-Up,2799,Clothing,Jumpsuits &Playsuits,https://assets.ajio.com/medias/sys_master/root/20221115/UVuL/6373ad4eaeb269659c8eff70/y-london_white_twofer_jumpsuit_with_tie-up.jpg,367,Premium quality Jumpsuits &Playsuits at an unbeatable discounted price — grab it before stock runs out.,https://www.ajio.com/y-london-twofer-jumpsuit-with-tie-up/p/469372049_blackwhite,blackwhite,Women,
Mavi Brand Print Crew-Neck T-Shirt,1999,Clothing,Tshirts,https://assets.ajio.com/medias/sys_master/root/20221012/0GUv/6346d06af997ddfdbd2367e2/mavi_white_brand_print_crew-neck_t-shirt.jpg,392,Comfortable everyday tee with relaxed fit and soft breathable fabric — perfect for casual wear.,https://www.ajio.com/mavi-brand-print-crew-neck-t-shirt/p/469224947_white,white,Women,
LTB Typographic Print Hoodie with Ribbed Hems,2299,Clothing,Sweatshirt & Hoodies,https://assets.ajio.com/medias/sys_master/root/20230914/Lh0T/65032176afa4cf41f5e4ff4e/ltb_navy_blue_typographic_print_hoodie_with_ribbed_hems.jpg,363,Comfortable everyday tee with relaxed fit and soft breathable fabric — perfect for casual wear.,https://www.ajio.com/ltb-typographic-print-hoodie-with-ribbed-hems/p/469359637_darknavy,darknavy,Women,
Y-LONDON Colourblock Bodycon Dress,2299,Clothing,Dresses,https://assets.ajio.com/medias/sys_master/root/20221116/WOyj/6373e04eaeb269659c8ff23c/y-london_beige_colourblock_bodycon_dress.jpg,256,Elegant dress with a flattering silhouette — perfect for any occasion.,https://www.ajio.com/y-london-colourblock-bodycon-dress/p/469371959_beigepink,beigepink,Women,
Oxxo Fitted Crop Top with Back-Cutout,1499,Clothing,Tops,https://assets.ajio.com/medias/sys_master/root/20221125/PacP/6380e2e2f997ddfdbd9e2b88/oxxo_bordeaux_fitted_crop_top_with_back-cutout.jpg,391,"Trendy top with a chic design — pairs well with jeans, skirts, or palazzos.",https://www.ajio.com/oxxo-fitted-crop-top-with-back-cutout/p/469291308_bordeaux,bordeaux,Women,
Koton Floral Halter-Neck A-line Dress with Belt,2199,Clothing,Dresses,https://assets.ajio.com/medias/sys_master/root/20230517/lvQn/6464c78242f9e729d790a3d7/koton_blue_floral_halter-neck_a-line_dress_with_belt.jpg,242,Elegant dress with a flattering silhouette — perfect for any occasion.,https://www.ajio.com/koton-floral-halter-neck-a-line-dress-with-belt/p/460694252_blue,blue,Women,
TRENDYOL Sweatshirt with Back Graphic,1999,Clothing,Sweatshirt & Hoodies,https://assets.ajio.com/medias/sys_master/root/20221012/6yXH/6346cfeeaeb269659c3fab95/trendyol_black_sweatshirt_with_back_graphic.jpg,234,Comfortable everyday tee with relaxed fit and soft breathable fabric — perfect for casual wear.,https://www.ajio.com/trendyol-sweatshirt-with-back-graphic/p/469038659_black,black,Women,
Oxxo Ribbed Fitted Top with Cutout,1699,Clothing,Tops,https://assets.ajio.com/medias/sys_master/root/20221125/V63x/6380eae2aeb269659cb6391b/oxxo_green_ribbed_fitted_top_with_cutout.jpg,231,"Trendy top with a chic design — pairs well with jeans, skirts, or palazzos.",https://www.ajio.com/oxxo-ribbed-fitted-top-with-cutout/p/469291467_green,green,Women,
Oxxo Ribbed Scoop-Neck Top with Puff Sleeves,1499,Clothing,Tops,https://assets.ajio.com/medias/sys_master/root/20230518/i4AW/64664ba0d55b7d0c63c416cc/oxxo_peach_ribbed_scoop-neck_top_with_puff_sleeves.jpg,233,"Trendy top with a chic design — pairs well with jeans, skirts, or palazzos.",https://www.ajio.com/oxxo-ribbed-scoop-neck-top-with-puff-sleeves/p/469151049_green,green,Women,
Oxxo Floral Print Blouse Tunic with Tie-Up,2599,Clothing,Tops,https://assets.ajio.com/medias/sys_master/root/20230519/kB9m/646683bcd55b7d0c63c5c11b/oxxo_green_floral_print_blouse_tunic_with_tie-up.jpg,311,"Trendy top with a chic design — pairs well with jeans, skirts, or palazzos.",https://www.ajio.com/oxxo-floral-print-blouse-tunic-with-tie-up/p/469291201_green,green,Women,
BRAVE SOUL Knitted Pullover with Ribbed Hems,1799,Clothing,Sweaters & Cardigans,https://assets.ajio.com/medias/sys_master/root/20221125/2byt/6380fba0aeb269659cb6cd8b/brave_soul_navy_blue_knitted_pullover_with_ribbed_hems.jpg,193,Premium quality Sweaters & Cardigans at an unbeatable discounted price — grab it before stock runs out.,https://www.ajio.com/brave-soul-knitted-pullover-with-ribbed-hems/p/460975872_navyblue,navyblue,Women,
TRENDYOL Typographic Print Hoodie,2599,Clothing,Sweatshirt & Hoodies,https://assets.ajio.com/medias/sys_master/root/20211019/cCWb/616dea00f997ddf8f1da506f/trendyol_white_%26_black_typographic_print_hoodie.jpg,197,Comfortable everyday tee with relaxed fit and soft breathable fabric — perfect for casual wear.,https://www.ajio.com/trendyol-typographic-print-hoodie/p/469038661_white,white,Women,
Oxxo Floral Print One-Shoulder Tiered Dress,3199,Clothing,Dresses,https://assets.ajio.com/medias/sys_master/root/20230518/Vlaa/64663a4b42f9e729d7978e2a/oxxo_red_floral_print_one-shoulder_tiered_dress.jpg,292,Elegant dress with a flattering silhouette — perfect for any occasion.,https://www.ajio.com/oxxo-floral-print-one-shoulder-tiered-dress/p/469151067_red,red,Women,
Koton Striped A-line Dress with Cold-Shoulder Sleeves,3299,Clothing,Dresses,https://assets.ajio.com/medias/sys_master/root/20200829/QqfL/5f4961c9f997dd6918b07318/koton_brown_striped_a-line_dress_with_cold-shoulder_sleeves.jpg,284,Elegant dress with a flattering silhouette — perfect for any occasion.,https://www.ajio.com/koton-striped-a-line-dress-with-cold-shoulder-sleeves/p/460694235_brown,brown,Women,
Y-LONDON Fitted Wrap Top with Tie-Up,1899,Clothing,Tops,https://assets.ajio.com/medias/sys_master/root/20221115/SGFN/6373be33aeb269659c8f4f9e/y-london_navy_blue_fitted_wrap_top_with_tie-up.jpg,365,"Trendy top with a chic design — pairs well with jeans, skirts, or palazzos.",https://www.ajio.com/y-london-fitted-wrap-top-with-tie-up/p/469371739_lightnavy,lightnavy,Women,
Oxxo Pleat-Front Straight Fit Trousers,2599,Clothing,Trousers & Pants,https://assets.ajio.com/medias/sys_master/root/20221125/VCko/6380fba0f997ddfdbd9f1af9/oxxo_grey_pleat-front_straight_fit_trousers.jpg,162,Well-tailored trousers with a clean finish — ideal for formal and semi-formal occasions.,https://www.ajio.com/oxxo-pleat-front-straight-fit-trousers/p/469290997_medgrey,medgrey,Women,
Na-kd Ribbed Back-Open Crop Pullover,3099,Clothing,Sweaters & Cardigans,https://assets.ajio.com/medias/sys_master/root/20221125/e3w2/6380f498aeb269659cb68d1f/na-kd_black_ribbed_back-open_crop_pullover.jpg,267,Premium quality Sweaters & Cardigans at an unbeatable discounted price — grab it before stock runs out.,https://www.ajio.com/na-kd-ribbed-back-open-crop-pullover/p/469293904_black,black,Women,
TRENDYOL Round-Neck Sweatshirt with Cinched Waist,1899,Clothing,Sweatshirt & Hoodies,https://assets.ajio.com/medias/sys_master/root/20230518/IBPR/646650cbd55b7d0c63c4331d/trendyol_black_round-neck_sweatshirt_with_cinched_waist.jpg,382,Comfortable everyday tee with relaxed fit and soft breathable fabric — perfect for casual wear.,https://www.ajio.com/trendyol-round-neck-sweatshirt-with-cinched-waist/p/469305357_black,black,Women,
Y-LONDON Striped Sheath Dress with Insert Pockets,2299,Clothing,Dresses,https://assets.ajio.com/medias/sys_master/root/20230719/kwa6/64b80cdea9b42d15c96203ad/y-london_white_striped_sheath_dress_with_insert_pockets.jpg,267,Elegant dress with a flattering silhouette — perfect for any occasion.,https://www.ajio.com/y-london-striped-sheath-dress-with-insert-pockets/p/469371965_whitebeige,whitebeige,Women,
Na-kd Printed V-neck A-line Dress,2799,Clothing,Dresses,https://assets.ajio.com/medias/sys_master/root/20220915/lYYZ/63234516aeb269dbb38d7b36/na-kd_black_printed_v-neck_a-line_dress.jpg,322,Elegant dress with a flattering silhouette — perfect for any occasion.,https://www.ajio.com/na-kd-printed-v-neck-a-line-dress/p/469277042_black,black,Women,
Zabaione Speckled V-neck Pullover with Dolman Sleeves,2599,Clothing,Sweaters & Cardigans,https://assets.ajio.com/medias/sys_master/root/20230522/7hlh/646b97bdd55b7d0c63ce45f0/zabaione_brown_speckled_v-neck_pullover_with_dolman_sleeves.jpg,355,Premium quality Sweaters & Cardigans at an unbeatable discounted price — grab it before stock runs out.,https://www.ajio.com/zabaione-speckled-v-neck-pullover-with-dolman-sleeves/p/469058242_tobacco,tobacco,Women,
Na-kd Ribbed Round-Neck Fitted Top,2199,Clothing,Tops,https://assets.ajio.com/medias/sys_master/root/20220915/umsF/63233c26f997dd1f8d011763/na-kd_white_ribbed_round-neck_fitted_top.jpg,353,"Trendy top with a chic design — pairs well with jeans, skirts, or palazzos.",https://www.ajio.com/na-kd-ribbed-round-neck-fitted-top/p/469276857_offwhite,offwhite,Women,
BRAVE SOUL Hoodie with Kangaroo Pocket,1999,Clothing,Sweatshirt & Hoodies,https://assets.ajio.com/medias/sys_master/root/20221125/11U0/6380e361aeb269659cb5f511/brave_soul_grey_hoodie_with_kangaroo_pocket.jpg,352,Comfortable everyday tee with relaxed fit and soft breathable fabric — perfect for casual wear.,https://www.ajio.com/brave-soul-hoodie-with-kangaroo-pocket/p/460975946_grey,grey,Women,
Oxxo Crew-Neck Sweatshirt with Puff Sleeves,1699,Clothing,Sweatshirt & Hoodies,https://assets.ajio.com/medias/sys_master/root/20221125/K0kC/638100e5f997ddfdbd9f5c61/oxxo_pink_crew-neck_sweatshirt_with_puff_sleeves.jpg,398,Comfortable everyday tee with relaxed fit and soft breathable fabric — perfect for casual wear.,https://www.ajio.com/oxxo-crew-neck-sweatshirt-with-puff-sleeves/p/469291013_pink,pink,Women,
Koton Fit & Flare Dress with Tie-Up,2799,Clothing,Dresses,https://assets.ajio.com/medias/sys_master/root/20230517/vjvo/6464ccb842f9e729d790d4e5/koton_purple_fit_%26_flare_dress_with_tie-up.jpg,293,Elegant dress with a flattering silhouette — perfect for any occasion.,https://www.ajio.com/koton-fit--flare-dress-with-tie-up/p/469135288_purple,purple,Women,
TRENDYOL Panelled V-neck Sweatshirt,1599,Clothing,Sweatshirt & Hoodies,https://assets.ajio.com/medias/sys_master/root/20221125/4RBu/6380e976aeb269659cb62c3c/trendyol_blue_panelled_v-neck_sweatshirt.jpg,176,Comfortable everyday tee with relaxed fit and soft breathable fabric — perfect for casual wear.,https://www.ajio.com/trendyol-panelled-v-neck-sweatshirt/p/469277743_blue,blue,Women,
TRENDYOL Colourblock Crew-Neck Pullover,1799,Clothing,Sweaters & Cardigans,https://assets.ajio.com/medias/sys_master/root/20221125/uwgY/6380ee9baeb269659cb65980/trendyol_black_%26_yellow_colourblock_crew-neck_pullover.jpg,335,Premium quality Sweaters & Cardigans at an unbeatable discounted price — grab it before stock runs out.,https://www.ajio.com/trendyol-colourblock-crew-neck-pullover/p/469304675_black,black,Women,
Oxxo Graphic Print Crew-Neck T-shirt,1599,Clothing,Tshirts,https://assets.ajio.com/medias/sys_master/root/20221125/JUb1/6380e705f997ddfdbd9e566d/oxxo_white_graphic_print_crew-neck_t-shirt.jpg,389,Comfortable everyday tee with relaxed fit and soft breathable fabric — perfect for casual wear.,https://www.ajio.com/oxxo-graphic-print-crew-neck-t-shirt/p/469291190_white,white,Women,
Oxxo Slim Fit City Shorts with Insert Pockets,1899,Clothing,Shorts,https://assets.ajio.com/medias/sys_master/root/20220912/UVGK/631f535ff997dd1f8df78184/oxxo_beige_slim_fit_city_shorts_with_insert_pockets.jpg,210,Comfortable shorts in breathable fabric — great for casual outings and lounging.,https://www.ajio.com/oxxo-slim-fit-city-shorts-with-insert-pockets/p/469194976_beige,beige,Women,
Na-kd Round-Neck Crop Top,1799,Clothing,Tops,https://assets.ajio.com/medias/sys_master/root/20221125/fzh2/6380fcb1aeb269659cb6e65e/na-kd_beige_round-neck_crop_top.jpg,333,"Trendy top with a chic design — pairs well with jeans, skirts, or palazzos.",https://www.ajio.com/na-kd-round-neck-crop-top/p/469215154_beige,beige,Women,
Colin's Crew-Neck Sweatshirt with Raglan Sleeves,2199,Clothing,Sweatshirt & Hoodies,https://assets.ajio.com/medias/sys_master/root/20230516/vtRm/64639fbe42f9e729d78cf21e/colin%27s_bl_crew-neck_sweatshirt_with_raglan_sleeves.jpg,192,Comfortable everyday tee with relaxed fit and soft breathable fabric — perfect for casual wear.,https://www.ajio.com/colin-s-crew-neck-sweatshirt-with-raglan-sleeves/p/469348251_sax,sax,Women,
MELA LONDON Off-Shoulder Embellished Top,1799,Clothing,Tops,https://assets.ajio.com/medias/sys_master/root/h07/h24/11351087185950/mela_london_pink_off-shoulder_embellished_top.jpg,367,"Trendy top with a chic design — pairs well with jeans, skirts, or palazzos.",https://www.ajio.com/mela-london-off-shoulder-embellished-top/p/460168663_pink,pink,Women,
Oxxo Cut-Out Slim Fit Tank Top,1499,Clothing,Tops,https://assets.ajio.com/medias/sys_master/root/20230518/gYwY/6466492f42f9e729d797f1dd/oxxo_orange_cut-out_slim_fit_tank_top.jpg,235,"Trendy top with a chic design — pairs well with jeans, skirts, or palazzos.",https://www.ajio.com/oxxo-cut-out-slim-fit-tank-top/p/469150996_mustard,mustard,Women,
Oxxo Textured V-neck Top with Smocked Panel,1899,Clothing,Tops,https://assets.ajio.com/medias/sys_master/root/20230518/Q9iF/646669a342f9e729d798fc5b/oxxo_green_textured_v-neck_top_with_smocked_panel.jpg,316,"Trendy top with a chic design — pairs well with jeans, skirts, or palazzos.",https://www.ajio.com/oxxo-textured-v-neck-top-with-smocked-panel/p/469151012_green,green,Women,
Oxxo Crew-Neck Sweatshirt with Puff Sleeves,1699,Clothing,Sweatshirt & Hoodies,https://assets.ajio.com/medias/sys_master/root/20221125/13AJ/6380e692f997ddfdbd9e501c/oxxo_blue_crew-neck_sweatshirt_with_puff_sleeves.jpg,234,Comfortable everyday tee with relaxed fit and soft breathable fabric — perfect for casual wear.,https://www.ajio.com/oxxo-crew-neck-sweatshirt-with-puff-sleeves/p/469291013_blue,blue,Women,
Na-kd A-line Dress with Puff Sleeeves,2799,Clothing,Dresses,https://assets.ajio.com/medias/sys_master/root/20230519/Khhn/6467b7d6d55b7d0c63ca513c/na-kd_blue_a-line_dress_with_puff_sleeeves.jpg,223,Elegant dress with a flattering silhouette — perfect for any occasion.,https://www.ajio.com/na-kd-a-line-dress-with-puff-sleeeves/p/469188052_lightblue,lightblue,Women,
I Saw It First Shimmery High-Neck Top,1899,Clothing,Tops,https://assets.ajio.com/medias/sys_master/root/20230110/gNHd/63bd8949aeb269c651d549c8/i_saw_it_first_purple_shimmery_high-neck_top.jpg,194,"Trendy top with a chic design — pairs well with jeans, skirts, or palazzos.",https://www.ajio.com/i-saw-it-first-shimmery-high-neck-top/p/469291875_purple,purple,Women,
Zabaione Self-Design Boat-Neck Pullover,2499,Clothing,Sweaters & Cardigans,https://assets.ajio.com/medias/sys_master/root/20211224/dXSC/61c4de3ff997ddf8f15f85d3/zabaione_beige_self-design_boat-neck_pullover.jpg,225,Premium quality Sweaters & Cardigans at an unbeatable discounted price — grab it before stock runs out.,https://www.ajio.com/zabaione-self-design-boat-neck-pullover/p/469058198_beige,beige,Women,
TRENDYOL Printed Sheath Dress with Waist Tie-Up,3099,Clothing,Dresses,https://assets.ajio.com/medias/sys_master/root/hae/h3f/12601701236766/trendyol_multicoloured_printed_sheath_dress_with_waist_tie-up.jpg,198,Elegant dress with a flattering silhouette — perfect for any occasion.,https://www.ajio.com/trendyol-printed-sheath-dress-with-waist-tie-up/p/460315999_multi,multi,Women,
Na-kd Fitted Round-Neck Bodycon Dress,2499,Clothing,Dresses,https://assets.ajio.com/medias/sys_master/root/20230519/ZKTL/6467961842f9e729d79d386b/na-kd_blue_fitted_round-neck_bodycon_dress.jpg,291,Elegant dress with a flattering silhouette — perfect for any occasion.,https://www.ajio.com/na-kd-fitted-round-neck-bodycon-dress/p/469188084_lightblue,lightblue,Women,
Oxxo Textured Fitted Strappy Top,1699,Clothing,Tops,https://assets.ajio.com/medias/sys_master/root/20230519/oQ7e/646687e842f9e729d799eebd/oxxo_bordeaux_textured_fitted_strappy_top.jpg,167,"Trendy top with a chic design — pairs well with jeans, skirts, or palazzos.",https://www.ajio.com/oxxo-textured-fitted-strappy-top/p/469291477_bordeaux,bordeaux,Women,
Oxxo Tailored Fit V-neck Top with Patch Pockets,1899,Clothing,Shirts,https://assets.ajio.com/medias/sys_master/root/20230518/Tjf9/64666551d55b7d0c63c4e83c/oxxo_pink_tailored_fit_v-neck_top_with_patch_pockets.jpg,312,Classic regular-fit shirt with clean collar — versatile for both office and casual outings.,https://www.ajio.com/oxxo-tailored-fit-v-neck-top-with-patch-pockets/p/469151010_limegreen,limegreen,Women,
Y-LONDON Ribbed Round-Neck Bodycon Dress,2299,Clothing,Dresses,https://assets.ajio.com/medias/sys_master/root/20221115/YI1i/6373ccf2f997ddfdbd76edf5/y-london_ecru_ribbed_round-neck_bodycon_dress.jpg,296,Elegant dress with a flattering silhouette — perfect for any occasion.,https://www.ajio.com/y-london-ribbed-round-neck-bodycon-dress/p/469371891_ecru,ecru,Women,
Glamorous Floral Print Off-Shoulder Top,1999,Clothing,Tops,https://assets.ajio.com/medias/sys_master/root/h18/hb2/11800741609502/glamorous_multicoloured_floral_print_off-shoulder_top.jpg,172,"Trendy top with a chic design — pairs well with jeans, skirts, or palazzos.",https://www.ajio.com/glamorous-floral-print-off-shoulder-top/p/460239584_multi,multi,Women,
Mavi Hoodie with Drop Shoulder Sleeves & Tie-Up,3199,Clothing,Sweatshirt & Hoodies,https://assets.ajio.com/medias/sys_master/root/20221012/C2VS/6346d071f997ddfdbd236912/mavi_black_hoodie_with_drop_shoulder_sleeves_%26_tie-up.jpg,155,Comfortable everyday tee with relaxed fit and soft breathable fabric — perfect for casual wear.,https://www.ajio.com/mavi-hoodie-with-drop-shoulder-sleeves--tie-up/p/469045622_black,black,Women,
Zabaione Checked Crew-Neck Pullover,1899,Clothing,Sweaters & Cardigans,https://assets.ajio.com/medias/sys_master/root/20211224/Se7l/61c4deaef997ddf8f15f8b7a/zabaione_grey_checked_crew-neck_pullover.jpg,245,Premium quality Sweaters & Cardigans at an unbeatable discounted price — grab it before stock runs out.,https://www.ajio.com/zabaione-checked-crew-neck-pullover/p/469058193_black,black,Women,
Colin's Colour Block Crew-Neck Sweatshirt,2099,Clothing,Sweatshirt & Hoodies,https://assets.ajio.com/medias/sys_master/root/20230516/dYxD/6463a35ed55b7d0c63b9aa9f/colin%27s_blue_colour_block_crew-neck_sweatshirt.jpg,338,Comfortable everyday tee with relaxed fit and soft breathable fabric — perfect for casual wear.,https://www.ajio.com/colin-s-colour-block-crew-neck-sweatshirt/p/469348219_sax,sax,Women,
TALLY WEiJL Knitted One-Shoulder Leotard Top,1599,Clothing,Tops,https://assets.ajio.com/medias/sys_master/root/had/hfc/13414688686110/tally_weijl_black_knitted_one-shoulder_leotard_top.jpg,191,"Trendy top with a chic design — pairs well with jeans, skirts, or palazzos.",https://www.ajio.com/tally-weijl-knitted-one-shoulder-leotard-top/p/460350668_black,black,Women,
Glamorous Bardot Crop Top,1499,Clothing,Tops,https://assets.ajio.com/medias/sys_master/root/20230914/zgY1/650330f3ddf7791519d905eb/glamorous_green_bardot_crop_top.jpg,304,"Trendy top with a chic design — pairs well with jeans, skirts, or palazzos.",https://www.ajio.com/glamorous-bardot-crop-top/p/460971851_green,green,Women,
Na-kd Ribbed Round-Neck Pullover with Drop-Shoulder Sleeves,2999,Clothing,Sweaters & Cardigans,https://assets.ajio.com/medias/sys_master/root/20230519/Jmea/64679ca842f9e729d79d5f1b/na-kd_off_white_ribbed_round-neck_pullover_with_drop-shoulder_sleeves.jpg,345,Premium quality Sweaters & Cardigans at an unbeatable discounted price — grab it before stock runs out.,https://www.ajio.com/na-kd-ribbed-round-neck-pullover-with-drop-shoulder-sleeves/p/469293748_offwhite,offwhite,Women,
Oxxo Crew-Neck Sweatshirt with Drawstring Hemline,1499,Clothing,Sweatshirt & Hoodies,https://assets.ajio.com/medias/sys_master/root/20221125/Ye33/6380e103f997ddfdbd9e1792/oxxo_black_crew-neck_sweatshirt_with_drawstring_hemline.jpg,219,Comfortable everyday tee with relaxed fit and soft breathable fabric — perfect for casual wear.,https://www.ajio.com/oxxo-crew-neck-sweatshirt-with-drawstring-hemline/p/469291017_black,black,Women,
Na-kd Ruched Slim Fit Off-Shoulder Top,2299,Clothing,Tops,https://assets.ajio.com/medias/sys_master/root/20220915/mj3O/632337e6f997dd1f8d00ee87/na-kd_light_pink_ruched_slim_fit_off-shoulder_top.jpg,385,"Trendy top with a chic design — pairs well with jeans, skirts, or palazzos.",https://www.ajio.com/na-kd-ruched-slim-fit-off-shoulder-top/p/469276990_mediumpink,mediumpink,Women,
Oxxo Open-Front Shrug with Waist Tie-Up,2599,Clothing,Shrugs & Jackets,https://assets.ajio.com/medias/sys_master/root/20230518/vnqX/64663a3942f9e729d7978c44/oxxo_white_open-front_shrug_with_waist_tie-up.jpg,166,Stylish jacket with a modern cut — adds an instant edge to any outfit.,https://www.ajio.com/oxxo-open-front-shrug-with-waist-tie-up/p/469291098_white,white,Women,
Oxxo Striped Palazzo with Waist Tie-Up,2599,Clothing,Trousers & Pants,https://assets.ajio.com/medias/sys_master/root/20230518/Aqhf/6466492f42f9e729d797f1e1/oxxo_beige_%26_white_striped_palazzo_with_waist_tie-up.jpg,290,Well-tailored trousers with a clean finish — ideal for formal and semi-formal occasions.,https://www.ajio.com/oxxo-striped-palazzo-with-waist-tie-up/p/469150972_beige,beige,Women,
Z-One Ribbed Round-Neck Sweatshirt,2199,Clothing,Sweatshirt & Hoodies,https://assets.ajio.com/medias/sys_master/root/20230522/Y2vW/646b8a9bd55b7d0c63ce00ac/z-one_green_ribbed_round-neck_sweatshirt.jpg,259,Comfortable everyday tee with relaxed fit and soft breathable fabric — perfect for casual wear.,https://www.ajio.com/z-one-ribbed-round-neck-sweatshirt/p/469058341_forestgreen,forestgreen,Women,
Na-kd Halter-Neck Bodycon Dress,2299,Clothing,Dresses,https://assets.ajio.com/medias/sys_master/root/20230519/JmW6/64679c30d55b7d0c63c94f0c/na-kd_black_halter-neck_bodycon_dress.jpg,177,Elegant dress with a flattering silhouette — perfect for any occasion.,https://www.ajio.com/na-kd-halter-neck-bodycon-dress/p/469155557_black,black,Women,
Oxxo Striped Crew-Neck T-shirt,1399,Clothing,Tshirts,https://assets.ajio.com/medias/sys_master/root/20221125/QSp5/6380fd8baeb269659cb6ec9f/oxxo_white_striped_crew-neck_t-shirt.jpg,285,Comfortable everyday tee with relaxed fit and soft breathable fabric — perfect for casual wear.,https://www.ajio.com/oxxo-striped-crew-neck-t-shirt/p/469291168_white,white,Women,
TRENDYOL Off-Shoulder Bodycon Dress,3299,Clothing,Dresses,https://assets.ajio.com/medias/sys_master/root/h18/hec/12587426381854/trendyol_anthracite_off-shoulder_bodycon_dress.jpg,260,Elegant dress with a flattering silhouette — perfect for any occasion.,https://www.ajio.com/trendyol-off-shoulder-bodycon-dress/p/460316078_anthracite,anthracite,Women,
Xint Square Neck Crop Top,2099,Clothing,Tops,https://assets.ajio.com/medias/sys_master/root/20230914/aQNV/65033875ddf7791519d99fa5/xint_blue_square_neck_crop_top.jpg,290,"Trendy top with a chic design — pairs well with jeans, skirts, or palazzos.",https://www.ajio.com/xint-square-neck-crop-top/p/469490607_blue,blue,Women,
Koton Self-Striped Crop Top,1699,Clothing,Tops,https://assets.ajio.com/medias/sys_master/root/20221008/Vhel/6340784ff997ddfdbd0ea823/koton_khaki_self-striped_crop_top.jpg,355,"Trendy top with a chic design — pairs well with jeans, skirts, or palazzos.",https://www.ajio.com/koton-self-striped-crop-top/p/469253120_green,green,Women,
Oxxo V-neck Top with Neck-Tie-Up,1499,Clothing,Tops,https://assets.ajio.com/medias/sys_master/root/20230928/25Dd/65156e9eafa4cf41f51508a9/oxxo_beige_v-neck_top_with_neck-tie-up.jpg,157,"Trendy top with a chic design — pairs well with jeans, skirts, or palazzos.",https://www.ajio.com/oxxo-v-neck-top-with-neck-tie-up/p/469291503_yellow,yellow,Women,
Xint Floral Print Off-Shoulder Top,1999,Clothing,Tops,https://assets.ajio.com/medias/sys_master/root/20230914/nXv9/65032cb8afa4cf41f5e540af/xint_beige_floral_print_off-shoulder_top.jpg,324,"Trendy top with a chic design — pairs well with jeans, skirts, or palazzos.",https://www.ajio.com/xint-floral-print-off-shoulder-top/p/469396413_beige,beige,Women,
Mavi Schiffli Round-Neck Top with Bishop Sleeves,2599,Clothing,Tops,https://assets.ajio.com/medias/sys_master/root/20221012/VQyf/6346d599f997ddfdbd23969f/mavi_black_schiffli_round-neck_top_with_bishop_sleeves.jpg,271,"Trendy top with a chic design — pairs well with jeans, skirts, or palazzos.",https://www.ajio.com/mavi-schiffli-round-neck-top-with-bishop-sleeves/p/469045660_black,black,Women,
I Saw It First Striped O-Ring Top,1799,Clothing,Tops,https://assets.ajio.com/medias/sys_master/root/20230517/55Ol/6465082cd55b7d0c63bef05f/i_saw_it_first_mustard_striped_o-ring_top.jpg,252,"Trendy top with a chic design — pairs well with jeans, skirts, or palazzos.",https://www.ajio.com/i-saw-it-first-striped-o-ring-top/p/469188810_mustard,mustard,Women,
Na-kd Ribbed Turtleneck Pullover,3099,Clothing,Sweaters & Cardigans,https://assets.ajio.com/medias/sys_master/root/20221125/N2yD/6380e1f7aeb269659cb5e871/na-kd_beige_ribbed_turtleneck_pullover.jpg,323,Premium quality Sweaters & Cardigans at an unbeatable discounted price — grab it before stock runs out.,https://www.ajio.com/na-kd-ribbed-turtleneck-pullover/p/469293851_beige,beige,Women,
Oxxo Tiered Dress with Ruffled Trim,2999,Clothing,Dresses,https://assets.ajio.com/medias/sys_master/root/20230518/Sw1s/64666840d55b7d0c63c4fd60/oxxo_purple_tiered_dress_with_ruffled_trim.jpg,391,Elegant dress with a flattering silhouette — perfect for any occasion.,https://www.ajio.com/oxxo-tiered-dress-with-ruffled-trim/p/469151042_purple,purple,Women,
Y-LONDON Floral Print A-Line Dress,2299,Clothing,Dresses,https://assets.ajio.com/medias/sys_master/root/20221115/4Mmr/6373c343f997ddfdbd76af32/y-london_yellow_floral_print_a-line_dress.jpg,339,Elegant dress with a flattering silhouette — perfect for any occasion.,https://www.ajio.com/y-london-floral-print-a-line-dress/p/469371983_yellow,yellow,Women,
TERRANOVA Colourblock Hoodie with Ribbed Hems,2299,Clothing,Sweatshirt & Hoodies,https://assets.ajio.com/medias/sys_master/root/20230518/serX/64663b32d55b7d0c63c3b5e1/terranova_pink_%26_off-white_colourblock_hoodie_with_ribbed_hems.jpg,201,Comfortable everyday tee with relaxed fit and soft breathable fabric — perfect for casual wear.,https://www.ajio.com/terranova-colourblock-hoodie-with-ribbed-hems/p/469405429_ltpink,ltpink,Women,
Koton Square-Neck Fit & Flare Dress,2599,Clothing,Dresses,https://assets.ajio.com/medias/sys_master/root/20230517/OYW3/6464c53042f9e729d7908f8a/koton_black_square-neck_fit_%26_flare_dress.jpg,162,Elegant dress with a flattering silhouette — perfect for any occasion.,https://www.ajio.com/koton-square-neck-fit--flare-dress/p/469292688_black,black,Women,
I Saw It First High-Neck Cropped Sweatshirt,1599,Clothing,Sweatshirt & Hoodies,https://assets.ajio.com/medias/sys_master/root/20230517/QR7v/64650892d55b7d0c63bef266/i_saw_it_first_grey_high-neck_cropped_sweatshirt.jpg,256,Comfortable everyday tee with relaxed fit and soft breathable fabric — perfect for casual wear.,https://www.ajio.com/i-saw-it-first-high-neck-cropped-sweatshirt/p/469291842_grey,grey,Women,
Oxxo Smocked V-neck Top,2299,Clothing,Tops,https://assets.ajio.com/medias/sys_master/root/20230518/a3bi/646648d6d55b7d0c63c406e5/oxxo_cream_smocked_v-neck_top.jpg,311,"Trendy top with a chic design — pairs well with jeans, skirts, or palazzos.",https://www.ajio.com/oxxo-smocked-v-neck-top/p/469150938_cream,cream,Women,
Oxxo Accordion-Pleat A-line Skirt,1799,Clothing,Skirts,https://assets.ajio.com/medias/sys_master/root/20221125/mrvN/6380e795f997ddfdbd9e5c94/oxxo_blue_accordion-pleat_a-line_skirt.jpg,378,Premium quality Skirts at an unbeatable discounted price — grab it before stock runs out.,https://www.ajio.com/oxxo-accordion-pleat-a-line-skirt/p/469290953_blue,blue,Women,
Oxxo Off-Shoulder Twist-Front Crop Top,1499,Clothing,Tops,https://assets.ajio.com/medias/sys_master/root/20221125/O5vL/6380de33f997ddfdbd9dfd36/oxxo_white_off-shoulder_twist-front_crop_top.jpg,216,"Trendy top with a chic design — pairs well with jeans, skirts, or palazzos.",https://www.ajio.com/oxxo-off-shoulder-twist-front-crop-top/p/469291077_white,white,Women,
TRENDYOL V-neck Sweatshirt with Tie-Up,1799,Clothing,Sweatshirt & Hoodies,https://assets.ajio.com/medias/sys_master/root/20221125/XP3h/6380ee24f997ddfdbd9e999d/trendyol_lavender_v-neck_sweatshirt_with_tie-up.jpg,234,Comfortable everyday tee with relaxed fit and soft breathable fabric — perfect for casual wear.,https://www.ajio.com/trendyol-v-neck-sweatshirt-with-tie-up/p/469277723_lavender,lavender,Women,
Na-kd Floral Print Smocked A-line Dress,3299,Clothing,Dresses,https://assets.ajio.com/medias/sys_master/root/20230519/WVeV/64679711d55b7d0c63c9348d/na-kd_blue_floral_print_smocked_a-line_dress.jpg,253,Elegant dress with a flattering silhouette — perfect for any occasion.,https://www.ajio.com/na-kd-floral-print-smocked-a-line-dress/p/469187998_bluewhite,bluewhite,Women,
Oxxo Cotton V-neck Crop Top,1699,Clothing,Tops,https://assets.ajio.com/medias/sys_master/root/20221125/bxsJ/6380ec4caeb269659cb64573/oxxo_black_cotton_v-neck_crop_top.jpg,353,"Trendy top with a chic design — pairs well with jeans, skirts, or palazzos.",https://www.ajio.com/oxxo-cotton-v-neck-crop-top/p/469291204_black,black,Women,
Colin's Printed Fit & Flare Dress,2499,Clothing,Dresses,https://assets.ajio.com/medias/sys_master/root/20230516/OAs0/6463a71a42f9e729d78d21c7/colin%27s_navy_blue_printed_fit_%26_flare_dress.jpg,271,Elegant dress with a flattering silhouette — perfect for any occasion.,https://www.ajio.com/colin-s-printed-fit--flare-dress/p/469187412_navy,navy,Women,
TRENDYOL Typographic Print Crew-Neck Sweatshirt,1699,Clothing,Sweatshirt & Hoodies,https://assets.ajio.com/medias/sys_master/root/20221125/Km3f/6380e108aeb269659cb5dbf4/trendyol_pink_typographic_print_crew-neck_sweatshirt.jpg,263,Comfortable everyday tee with relaxed fit and soft breathable fabric — perfect for casual wear.,https://www.ajio.com/trendyol-typographic-print-crew-neck-sweatshirt/p/469277729_pink,pink,Women,
Y-LONDON Striped Sheath Dress with Insert Pockets,2299,Clothing,Dresses,https://assets.ajio.com/medias/sys_master/root/20221115/tmzg/6373bfa4aeb269659c8f5713/y-london_white_striped_sheath_dress_with_insert_pockets.jpg,394,Elegant dress with a flattering silhouette — perfect for any occasion.,https://www.ajio.com/y-london-striped-sheath-dress-with-insert-pockets/p/469371967_whitepink,whitepink,Women,
Na-kd Patterned Knit Off-Shoulder Crop Pullover,3099,Clothing,Sweaters & Cardigans,https://assets.ajio.com/medias/sys_master/root/20221125/qd2e/6380e8e9aeb269659cb6269d/na-kd_off-white_patterned_knit_off-shoulder_crop_pullover.jpg,237,Premium quality Sweaters & Cardigans at an unbeatable discounted price — grab it before stock runs out.,https://www.ajio.com/na-kd-patterned-knit-off-shoulder-crop-pullover/p/469293932_offwhite,offwhite,Women,
Oxxo Crew-Neck Sweatshirt with Drop-Shoulder Sleeves,1899,Clothing,Sweatshirt & Hoodies,https://assets.ajio.com/medias/sys_master/root/20230518/MXkk/64665cc7d55b7d0c63c4aceb/oxxo_red_crew-neck_sweatshirt_with_drop-shoulder_sleeves.jpg,205,Comfortable everyday tee with relaxed fit and soft breathable fabric — perfect for casual wear.,https://www.ajio.com/oxxo-crew-neck-sweatshirt-with-drop-shoulder-sleeves/p/469150945_white,white,Women,
Koton Shimmery Round-Neck Sweatshirt,1899,Clothing,Sweatshirt & Hoodies,https://assets.ajio.com/medias/sys_master/root/20230517/NTYs/6464d3b342f9e729d7911459/koton_black_shimmery_round-neck_sweatshirt.jpg,294,Comfortable everyday tee with relaxed fit and soft breathable fabric — perfect for casual wear.,https://www.ajio.com/koton-shimmery-round-neck-sweatshirt/p/469020123_black,black,Women,
Oxxo Blouson Top with Ruffled Overlay,1899,Clothing,Tops,https://assets.ajio.com/medias/sys_master/root/20230518/aolA/6466546d42f9e729d7983982/oxxo_white_blouson_top_with_ruffled_overlay.jpg,161,"Trendy top with a chic design — pairs well with jeans, skirts, or palazzos.",https://www.ajio.com/oxxo-blouson-top-with-ruffled-overlay/p/469151066_white,white,Women,
Oxxo Crop Hoodie with Ribbed Hems,1799,Clothing,Sweatshirt & Hoodies,https://assets.ajio.com/medias/sys_master/root/20221125/FDLe/6380dad3f997ddfdbd9ddd4a/oxxo_cream_crop_hoodie_with_ribbed_hems.jpg,259,Comfortable everyday tee with relaxed fit and soft breathable fabric — perfect for casual wear.,https://www.ajio.com/oxxo-crop-hoodie-with-ribbed-hems/p/469291007_cream,cream,Women,
Wknd Tropical Print Shirt Dress with Belt,2299,Clothing,Dresses,https://assets.ajio.com/medias/sys_master/root/20230601/oho5/6478212ad55b7d0c632f9ff6/wknd_blue_tropical_print_shirt_dress_with_belt.jpg,362,Elegant dress with a flattering silhouette — perfect for any occasion.,https://www.ajio.com/wknd-tropical-print-shirt-dress-with-belt/p/469403723_blue,blue,Women,
Oxxo Ribbed Fitted Crop Top,1999,Clothing,Tops,https://assets.ajio.com/medias/sys_master/root/20221125/hTqv/6380e8e2aeb269659cb6252b/oxxo_teal_ribbed_fitted_crop_top.jpg,256,"Trendy top with a chic design — pairs well with jeans, skirts, or palazzos.",https://www.ajio.com/oxxo-ribbed-fitted-crop-top/p/469291298_midnight,midnight,Women,
Y-LONDON Strappy Cowl-Neck Top,2199,Clothing,Tops,https://assets.ajio.com/medias/sys_master/root/20230102/LUYC/63b30e2caeb269659c1e6216/y-london_black_strappy_cowl-neck_top.jpg,368,"Trendy top with a chic design — pairs well with jeans, skirts, or palazzos.",https://www.ajio.com/y-london-strappy-cowl-neck-top/p/469371741_black,black,Women,
Na-kd Ruched Slim Fit Off-Shoulder Top,2299,Clothing,Tops,https://assets.ajio.com/medias/sys_master/root/20220915/C2vw/6323385ff997dd1f8d00f24f/na-kd_mint_green_ruched_slim_fit_off-shoulder_top.jpg,169,"Trendy top with a chic design — pairs well with jeans, skirts, or palazzos.",https://www.ajio.com/na-kd-ruched-slim-fit-off-shoulder-top/p/469276991_mint,mint,Women,
TRENDYOL Floral Print Bodycon Dress,1999,Clothing,Dresses,https://assets.ajio.com/medias/sys_master/root/20221125/s89A/6380e701aeb269659cb61580/trendyol_white_floral_print_bodycon_dress.jpg,169,Elegant dress with a flattering silhouette — perfect for any occasion.,https://www.ajio.com/trendyol-floral-print-bodycon-dress/p/469204670_mint,mint,Women,
TRENDYOL Sweatshirt with Cuffed Sleeves,1699,Clothing,Sweatshirt & Hoodies,https://assets.ajio.com/medias/sys_master/root/20221125/jkjw/6380d34faeb269659cb55f9e/trendyol_grey_sweatshirt_with_cuffed_sleeves.jpg,385,Comfortable everyday tee with relaxed fit and soft breathable fabric — perfect for casual wear.,https://www.ajio.com/trendyol-sweatshirt-with-cuffed-sleeves/p/469277717_grey,grey,Women,
Xint Heathered Round-Neck Pullover,1799,Clothing,Sweaters & Cardigans,https://assets.ajio.com/medias/sys_master/root/20230914/900T/65032abdafa4cf41f5e53227/xint_blue_heathered_round-neck_pullover.jpg,167,Premium quality Sweaters & Cardigans at an unbeatable discounted price — grab it before stock runs out.,https://www.ajio.com/xint-heathered-round-neck-pullover/p/469396493_ltblue,ltblue,Women,
Oxxo Tiered Skirt with Semi-Elasticated Waist,2299,Clothing,Skirts,https://assets.ajio.com/medias/sys_master/root/20221125/DJIH/6380d5cef997ddfdbd9daede/oxxo_beige_tiered_skirt_with_semi-elasticated_waist.jpg,399,Premium quality Skirts at an unbeatable discounted price — grab it before stock runs out.,https://www.ajio.com/oxxo-tiered-skirt-with-semi-elasticated-waist/p/469291405_beige,beige,Women,
Y-LONDON Striped Sheath Dress with Insert Pockets,2299,Clothing,Dresses,https://assets.ajio.com/medias/sys_master/root/20221115/d0IT/6373ac60f997ddfdbd762fc2/y-london_white_striped_sheath_dress_with_insert_pockets.jpg,264,Elegant dress with a flattering silhouette — perfect for any occasion.,https://www.ajio.com/y-london-striped-sheath-dress-with-insert-pockets/p/469371967_whiteorange,whiteorange,Women,
Xint Off-Shoulder Top with Frill Trims,2299,Clothing,Tops,https://assets.ajio.com/medias/sys_master/root/20230914/hdY8/65032255ddf7791519d8a0f8/xint_white_off-shoulder_top_with_frill_trims.jpg,272,"Trendy top with a chic design — pairs well with jeans, skirts, or palazzos.",https://www.ajio.com/xint-off-shoulder-top-with-frill-trims/p/469490611_white,white,Women,
Oxxo Asymmetrical Pencil Skirt,1399,Clothing,Skirts,https://assets.ajio.com/medias/sys_master/root/20220915/eO21/632342b8aeb269dbb38d67ad/oxxo_white_asymmetrical_pencil_skirt.jpg,223,Premium quality Skirts at an unbeatable discounted price — grab it before stock runs out.,https://www.ajio.com/oxxo-asymmetrical-pencil-skirt/p/469151089_white,white,Women,
Oxxo Ribbed Fitted Top with Cutout,1699,Clothing,Tops,https://assets.ajio.com/medias/sys_master/root/20221125/hDGJ/6380e97af997ddfdbd9e6e2d/oxxo_white_ribbed_fitted_top_with_cutout.jpg,389,"Trendy top with a chic design — pairs well with jeans, skirts, or palazzos.",https://www.ajio.com/oxxo-ribbed-fitted-top-with-cutout/p/469291467_white,white,Women,
BRAVE SOUL Crew-Neck Sweatshirt with Striped Sleeves,1799,Clothing,Sweatshirt & Hoodies,https://assets.ajio.com/medias/sys_master/root/h32/hcc/11981604323358/brave_soul_indigo_crew-neck_sweatshirt_with_striped_sleeves.jpg,251,Comfortable everyday tee with relaxed fit and soft breathable fabric — perfect for casual wear.,https://www.ajio.com/brave-soul-crew-neck-sweatshirt-with-striped-sleeves/p/460267165_indigo,indigo,Women,
I Saw It First Checked High-Neck Pullover,2299,Clothing,Sweaters & Cardigans,https://assets.ajio.com/medias/sys_master/root/20230110/pwIi/63bd8498f997dd708efbf120/i_saw_it_first_grey_checked_high-neck_pullover.jpg,221,Premium quality Sweaters & Cardigans at an unbeatable discounted price — grab it before stock runs out.,https://www.ajio.com/i-saw-it-first-checked-high-neck-pullover/p/469389143_grey,grey,Women,
Barrels And Oil Cropped Hoodie with Back Cutout,1599,Clothing,Sweatshirt & Hoodies,https://assets.ajio.com/medias/sys_master/root/20221226/6tFc/63a941a7f997ddfdbdf65cea/barrels_and_oil_pink_cropped_hoodie_with_back_cutout.jpg,388,Comfortable everyday tee with relaxed fit and soft breathable fabric — perfect for casual wear.,https://www.ajio.com/barrels-and-oil-cropped-hoodie-with-back-cutout/p/469047847_pink,pink,Women,
Koton Ribbed Fitted High-Neck T-shirt with Cutout,1499,Clothing,Tshirts,https://assets.ajio.com/medias/sys_master/root/20230517/EmjJ/6464d254d55b7d0c63bd6f50/koton_black_ribbed_fitted_high-neck_t-shirt_with_cutout.jpg,188,Comfortable everyday tee with relaxed fit and soft breathable fabric — perfect for casual wear.,https://www.ajio.com/koton-ribbed-fitted-high-neck-t-shirt-with-cutout/p/469197293_black,black,Women,
TERRANOVA Brand Print Crew-Neck Sweatshirt,1999,Clothing,Sweatshirt & Hoodies,https://assets.ajio.com/medias/sys_master/root/20230518/JWaW/64666b1342f9e729d79905e6/terranova_pink_brand_print_crew-neck_sweatshirt.jpg,224,Comfortable everyday tee with relaxed fit and soft breathable fabric — perfect for casual wear.,https://www.ajio.com/terranova-brand-print-crew-neck-sweatshirt/p/469405473_pink,pink,Women,
I Saw It First Dollar Print Loose Fit Crew-Neck Sweatshirt,2499,Clothing,Sweatshirt & Hoodies,https://assets.ajio.com/medias/sys_master/root/20230517/UQMI/6464e67442f9e729d7919ba4/i_saw_it_first_black_dollar_print_loose_fit_crew-neck_sweatshirt.jpg,193,Comfortable everyday tee with relaxed fit and soft breathable fabric — perfect for casual wear.,https://www.ajio.com/i-saw-it-first-dollar-print-loose-fit-crew-neck-sweatshirt/p/469389203_black,black,Women,
Oxxo V-neck Top with Applique,1899,Clothing,Tops,https://assets.ajio.com/medias/sys_master/root/20230518/cENz/6466539bd55b7d0c63c44429/oxxo_yellow_v-neck_top_with_applique.jpg,378,"Trendy top with a chic design — pairs well with jeans, skirts, or palazzos.",https://www.ajio.com/oxxo-v-neck-top-with-applique/p/469151064_ltyellow,ltyellow,Women,
Na-kd Textured Off-Shoulder Top with Bell Sleeves,2299,Clothing,Tops,https://assets.ajio.com/medias/sys_master/root/20230519/UUHB/6467b7dbd55b7d0c63ca51f9/na-kd_white_textured_off-shoulder_top_with_bell_sleeves.jpg,281,"Trendy top with a chic design — pairs well with jeans, skirts, or palazzos.",https://www.ajio.com/na-kd-textured-off-shoulder-top-with-bell-sleeves/p/469188059_white,white,Women,
I Saw It First Ribbed Boat-Neck Pullover,2299,Clothing,Sweaters & Cardigans,https://assets.ajio.com/medias/sys_master/root/20230110/7U65/63bd7a38aeb269c651d4edad/i_saw_it_first_pink_ribbed_boat-neck_pullover.jpg,384,Premium quality Sweaters & Cardigans at an unbeatable discounted price — grab it before stock runs out.,https://www.ajio.com/i-saw-it-first-ribbed-boat-neck-pullover/p/469389309_pink,pink,Women,
Oxxo V-Neck Pullover with Ribbed Neckline,2299,Clothing,Sweaters & Cardigans,https://assets.ajio.com/medias/sys_master/root/20230518/6XNY/64664d7ed55b7d0c63c41f69/oxxo_yellow_v-neck_pullover_with_ribbed_neckline.jpg,308,Premium quality Sweaters & Cardigans at an unbeatable discounted price — grab it before stock runs out.,https://www.ajio.com/oxxo-v-neck-pullover-with-ribbed-neckline/p/469291335_yellow,yellow,Women,
LC Waikiki Printed Shirt with Spread Collar,2299,Clothing,Shirts,https://assets.ajio.com/medias/sys_master/root/20221012/Gg1H/6346d703f997ddfdbd23a453/lc_waikiki_black_printed_shirt_with_spread_collar.jpg,275,Classic regular-fit shirt with clean collar — versatile for both office and casual outings.,https://www.ajio.com/lc-waikiki-printed-shirt-with-spread-collar/p/469207962_black,black,Women,
Na-kd Crop Hoodie with Drop-Shoulder Sleeves,2699,Clothing,Sweatshirt & Hoodies,https://assets.ajio.com/medias/sys_master/root/20230519/jksw/6467afc8d55b7d0c63ca26ea/na-kd_green_crop_hoodie_with_drop-shoulder_sleeves.jpg,381,Comfortable everyday tee with relaxed fit and soft breathable fabric — perfect for casual wear.,https://www.ajio.com/na-kd-crop-hoodie-with-drop-shoulder-sleeves/p/469293885_green,green,Women,
I Saw It First Striped Spread Collar Shirt,2299,Clothing,Shirts,https://assets.ajio.com/medias/sys_master/root/20230110/2Fzd/63bd8d8caeb269c651d56db4/i_saw_it_first_multicoloured_striped_spread_collar_shirt.jpg,239,Classic regular-fit shirt with clean collar — versatile for both office and casual outings.,https://www.ajio.com/i-saw-it-first-striped-spread-collar-shirt/p/469389385_multi,multi,Women,
I Saw It First Off-Shoulder Top with Gather Trims,1799,Clothing,Tops,https://assets.ajio.com/medias/sys_master/root/20220912/CTMx/631f463baeb269dbb3837876/i_saw_it_first_cream_off-shoulder_top_with_gather_trims.jpg,343,"Trendy top with a chic design — pairs well with jeans, skirts, or palazzos.",https://www.ajio.com/i-saw-it-first-off-shoulder-top-with-gather-trims/p/469188610_cream,cream,Women,
Na-kd Checked A-Line Skirt with Tie-Up,2499,Clothing,Skirts,https://assets.ajio.com/medias/sys_master/root/20230519/FMEH/6467aabdd55b7d0c63ca0d39/na-kd_cream_%26_yellow_checked_a-line_skirt_with_tie-up.jpg,338,Premium quality Skirts at an unbeatable discounted price — grab it before stock runs out.,https://www.ajio.com/na-kd-checked-a-line-skirt-with-tie-up/p/469294081_yellow,yellow,Women,
Oxxo Tie & Dye Fitted One-Shoulder Top,1699,Clothing,Tops,https://assets.ajio.com/medias/sys_master/root/20221125/jagB/6380ea6df997ddfdbd9e75a9/oxxo_orange_tie_%26_dye_fitted_one-shoulder_top.jpg,238,"Trendy top with a chic design — pairs well with jeans, skirts, or palazzos.",https://www.ajio.com/oxxo-tie--dye-fitted-one-shoulder-top/p/469291500_orange,orange,Women,
Na-kd Contour Seam Detail Sweater,2799,Clothing,Sweatshirt & Hoodies,https://assets.ajio.com/medias/sys_master/root/20221008/iuhR/6340712aaeb269659c2b59f0/na-kd_yellow_contour_seam_detail_sweater.jpg,319,Comfortable everyday tee with relaxed fit and soft breathable fabric — perfect for casual wear.,https://www.ajio.com/na-kd-contour-seam-detail-sweater/p/469293950_yellow,yellow,Women,
Panicia Pack of 3 Typographic Print Trunks with Elasticated Waistband,1999,Clothing,Trunks,https://assets.ajio.com/medias/sys_master/root/20250206/briw/67a4d5b5bc78b543a929a683/panicia_blue_pack_of_3_typographic_print_trunks_with_elasticated_waistband.jpg,113,Comfortable regular-fit trunks in soft breathable fabric for all-day wear.,https://www.ajio.com/panicia-pack-of-3-typographic-print-trunks-with-elasticated-waistband/p/701171891_blue,blue,Men,
TALLY WEiJL Self-Striped Strappy Leotard,2499,Clothing,Tops,https://assets.ajio.com/medias/sys_master/root/20230522/1Lv0/646b0c4bd55b7d0c63cb858b/tally_weijl_grey_self-striped_strappy_leotard.jpg,269,"Trendy top with a chic design — pairs well with jeans, skirts, or palazzos.",https://www.ajio.com/tally-weijl-self-striped-strappy-leotard/p/460333355_darkgrey,darkgrey,Women,
Na-kd Strappy Bodycon Dress,2699,Clothing,Dresses,https://assets.ajio.com/medias/sys_master/root/20230519/Qj0x/64678efb42f9e729d79d0f4b/na-kd_black_strappy_bodycon_dress.jpg,209,Elegant dress with a flattering silhouette — perfect for any occasion.,https://www.ajio.com/na-kd-strappy-bodycon-dress/p/469276721_black,black,Women,
Oxxo V-neck Tie-Front Crop top,1499,Clothing,Tops,https://assets.ajio.com/medias/sys_master/root/20221125/QZwf/6380e10af997ddfdbd9e18c3/oxxo_white_v-neck_tie-front_crop_top.jpg,269,"Trendy top with a chic design — pairs well with jeans, skirts, or palazzos.",https://www.ajio.com/oxxo-v-neck-tie-front-crop-top/p/469291303_white,white,Women,
Oxxo Graphic Print Crew-Neck Sweatshirt,1799,Clothing,Sweatshirt & Hoodies,https://assets.ajio.com/medias/sys_master/root/20220915/sxrD/632346e7aeb269dbb38d8767/oxxo_white_graphic_print_crew-neck_sweatshirt.jpg,196,Comfortable everyday tee with relaxed fit and soft breathable fabric — perfect for casual wear.,https://www.ajio.com/oxxo-graphic-print-crew-neck-sweatshirt/p/469151118_offwhite,offwhite,Women,
Wknd One-Shoulder Sheath Dress,2099,Clothing,Dresses,https://assets.ajio.com/medias/sys_master/root/20230601/EFJn/6478248a42f9e729d7059c1c/wknd_black_one-shoulder_sheath_dress.jpg,394,Elegant dress with a flattering silhouette — perfect for any occasion.,https://www.ajio.com/wknd-one-shoulder-sheath-dress/p/469403677_black,black,Women,
Glamorous Floral Print Bodycon Dress,2599,Clothing,Dresses,https://assets.ajio.com/medias/sys_master/root/20230914/gzrl/65033598afa4cf41f5e5ca55/glamorous_green_floral_print_bodycon_dress.jpg,323,Elegant dress with a flattering silhouette — perfect for any occasion.,https://www.ajio.com/glamorous-floral-print-bodycon-dress/p/460971889_brown,brown,Women,
Koton Printed Off-Shoulder Top with Bobble Trims,2199,Clothing,Tops,https://assets.ajio.com/medias/sys_master/root/20230517/HG7L/6464c60742f9e729d79095cf/koton_blue_printed_off-shoulder_top_with_bobble_trims.jpg,366,"Trendy top with a chic design — pairs well with jeans, skirts, or palazzos.",https://www.ajio.com/koton-printed-off-shoulder-top-with-bobble-trims/p/460863632_blue,blue,Women,
I Saw It First Off-Shoulder Top with Puff Sleeves,1999,Clothing,Tops,https://assets.ajio.com/medias/sys_master/root/20220912/hNyK/631f571eaeb269dbb383ff0c/i_saw_it_first_white_off-shoulder_top_with_puff_sleeves.jpg,342,"Trendy top with a chic design — pairs well with jeans, skirts, or palazzos.",https://www.ajio.com/i-saw-it-first-off-shoulder-top-with-puff-sleeves/p/469188720_white,white,Women,
Glamorous Strappy Tie-Up Floral Print Blouson Top with Cold-Shoulder Sleeves,1999,Clothing,Tops,https://assets.ajio.com/medias/sys_master/root/20230914/7s7g/6503354eafa4cf41f5e5c14a/glamorous_black_strappy_tie-up_floral_print_blouson_top_with_cold-shoulder_sleeves.jpg,255,"Trendy top with a chic design — pairs well with jeans, skirts, or palazzos.",https://www.ajio.com/glamorous-strappy-tie-up-floral-print-blouson-top-with-cold-shoulder-sleeves-/p/460332272_black,black,Women,
Na-kd Floral Print Off-Shoulder Dress,3299,Clothing,Dresses,https://assets.ajio.com/medias/sys_master/root/20230519/LqC6/6467abb4d55b7d0c63ca1527/na-kd_coral_pink_floral_print_off-shoulder_dress.jpg,227,Elegant dress with a flattering silhouette — perfect for any occasion.,https://www.ajio.com/na-kd-floral-print-off-shoulder-dress/p/469155595_coral,coral,Women,
"Na-kd Nak women dresses, blue, xs",2599,Clothing,Dresses,https://assets.ajio.com/medias/sys_master/root/20230519/eTZ1/64679874d55b7d0c63c93d6f/na-kd__nak_women_dresses%2C_blue%2C_xs.jpg,216,Elegant dress with a flattering silhouette — perfect for any occasion.,https://www.ajio.com/na-kd-nak-women-dresses-blue-xs/p/469276725_blue,blue,Men,
Glamorous Paisley Print A-line Dress,2299,Clothing,Dresses,https://assets.ajio.com/medias/sys_master/root/20230914/uFEx/6503279cddf7791519d8c590/glamorous_red_paisley_print_a-line_dress.jpg,323,Elegant dress with a flattering silhouette — perfect for any occasion.,https://www.ajio.com/glamorous-paisley-print-a-line-dress/p/460918884_printed,printed,Women,
Glamorous A-line Dress with Spread Collar,2599,Clothing,Dresses,https://assets.ajio.com/medias/sys_master/root/20230914/MOjl/6503253addf7791519d8b4ae/glamorous_black_a-line_dress_with_spread_collar.jpg,377,Elegant dress with a flattering silhouette — perfect for any occasion.,https://www.ajio.com/glamorous-a-line-dress-with-spread-collar/p/460971896_black,black,Women,
Oxxo Halter-Neck Crop Top with Cutout,1499,Clothing,Tops,https://assets.ajio.com/medias/sys_master/root/20221125/mdoC/6380daddaeb269659cb5a5e4/oxxo_white_halter-neck_crop_top_with_cutout.jpg,176,"Trendy top with a chic design — pairs well with jeans, skirts, or palazzos.",https://www.ajio.com/oxxo-halter-neck-crop-top-with-cutout/p/469291066_white,white,Women,
Oxxo Crop Shirt with Flap Pockets,2299,Clothing,Shirts,https://assets.ajio.com/medias/sys_master/root/20230518/U4Tm/64664600d55b7d0c63c3f48c/oxxo_yellow_crop_shirt_with_flap_pockets.jpg,153,Classic regular-fit shirt with clean collar — versatile for both office and casual outings.,https://www.ajio.com/oxxo-crop-shirt-with-flap-pockets/p/469151063_mustardyellow,mustardyellow,Women,
Oxxo Blouson Top with Ruffled Overlay,1899,Clothing,Tops,https://assets.ajio.com/medias/sys_master/root/20230518/c0Ha/64663c2cd55b7d0c63c3bde5/oxxo_orange_blouson_top_with_ruffled_overlay.jpg,244,"Trendy top with a chic design — pairs well with jeans, skirts, or palazzos.",https://www.ajio.com/oxxo-blouson-top-with-ruffled-overlay/p/469151066_orange,orange,Women,
Oxxo Shirt with Tie-Up,1999,Clothing,Shirts,https://assets.ajio.com/medias/sys_master/root/20221125/aa1Y/6380dadbf997ddfdbd9dde8d/oxxo_cream_shirt_with_tie-up.jpg,219,Classic regular-fit shirt with clean collar — versatile for both office and casual outings.,https://www.ajio.com/oxxo-shirt-with-tie-up/p/469291142_cream,cream,Women,
Oxxo Hoodie with Kangaroo Pocket,1999,Clothing,Sweatshirt & Hoodies,https://assets.ajio.com/medias/sys_master/root/20221125/NzD9/6380fb9bf997ddfdbd9f19a9/oxxo_blue_hoodie_with_kangaroo_pocket.jpg,290,Comfortable everyday tee with relaxed fit and soft breathable fabric — perfect for casual wear.,https://www.ajio.com/oxxo-hoodie-with-kangaroo-pocket/p/469291009_blue,blue,Women,
Oxxo One-Shoulder A-line Dress with Waist Tie-Up,2999,Clothing,Dresses,https://assets.ajio.com/medias/sys_master/root/20230519/SKiw/64667e6442f9e729d7998f93/oxxo_cream_one-shoulder_a-line_dress_with_waist_tie-up.jpg,283,Elegant dress with a flattering silhouette — perfect for any occasion.,https://www.ajio.com/oxxo-one-shoulder-a-line-dress-with-waist-tie-up/p/469151065_cream,cream,Women,
Oxxo Flat-Front Trousers with Insert Pockets,1899,Clothing,Trousers & Pants,https://assets.ajio.com/medias/sys_master/root/20230518/SKF4/64663aca42f9e729d79791c9/oxxo_red_flat-front_trousers_with_insert_pockets.jpg,234,Well-tailored trousers with a clean finish — ideal for formal and semi-formal occasions.,https://www.ajio.com/oxxo-flat-front-trousers-with-insert-pockets/p/469150940_yellow,yellow,Women,
Zabaione Checked Sheath Dress,2999,Clothing,Dresses,https://assets.ajio.com/medias/sys_master/root/20230522/46wu/646b8c5dd55b7d0c63ce0814/zabaione_grey_%26_purple_checked_sheath_dress.jpg,353,Elegant dress with a flattering silhouette — perfect for any occasion.,https://www.ajio.com/zabaione-checked-sheath-dress/p/469058178_purple,purple,Women,
Glamorous Shift Dress with Off-shoulder,3499,Clothing,Dresses,https://assets.ajio.com/medias/sys_master/root/20230914/YvW2/65033be5afa4cf41f5e60095/glamorous_purple_shift_dress_with_off-shoulder.jpg,232,Elegant dress with a flattering silhouette — perfect for any occasion.,https://www.ajio.com/glamorous-shift-dress-with-off-shoulder/p/460918912_plum,plum,Women,
Wknd Tropical Print Shirt Dress with Belt,2299,Clothing,Dresses,https://assets.ajio.com/medias/sys_master/root/20230601/rBeu/647821c7d55b7d0c632faaa6/wknd_orange_tropical_print_shirt_dress_with_belt.jpg,178,Elegant dress with a flattering silhouette — perfect for any occasion.,https://www.ajio.com/wknd-tropical-print-shirt-dress-with-belt/p/469403723_orange,orange,Women,
Oxxo Ribbed Scoop-Neck Top with Puff Sleeves,1499,Clothing,Tops,https://assets.ajio.com/medias/sys_master/root/20230518/fiER/6466664742f9e729d798e842/oxxo_lime_green_ribbed_scoop-neck_top_with_puff_sleeves.jpg,317,"Trendy top with a chic design — pairs well with jeans, skirts, or palazzos.",https://www.ajio.com/oxxo-ribbed-scoop-neck-top-with-puff-sleeves/p/469151049_limegreen,limegreen,Women,
Y-LONDON Fitted Cowl-Neck Top,2199,Clothing,Tops,https://assets.ajio.com/medias/sys_master/root/20221115/avDx/6373c87ef997ddfdbd76cd03/y-london_orange_fitted_cowl-neck_top.jpg,378,"Trendy top with a chic design — pairs well with jeans, skirts, or palazzos.",https://www.ajio.com/y-london-fitted-cowl-neck-top/p/469371741_orange,orange,Women,
Oxxo A-line Skirt with Ruffled Hemline,2299,Clothing,Skirts,https://assets.ajio.com/medias/sys_master/root/20230724/PPyg/64be8ceceebac147fc847bf7/oxxo_maroon_a-line_skirt_with_ruffled_hemline.jpg,236,Premium quality Skirts at an unbeatable discounted price — grab it before stock runs out.,https://www.ajio.com/oxxo-a-line-skirt-with-ruffled-hemline/p/469291375_blue,blue,Women,
LTB Typographic Print Hoodie with Ribbed Hems,1999,Clothing,Sweatshirt & Hoodies,https://assets.ajio.com/medias/sys_master/root/20230914/kyo7/65031b50afa4cf41f5e4d9fb/ltb_off_white_typographic_print_hoodie_with_ribbed_hems.jpg,263,Comfortable everyday tee with relaxed fit and soft breathable fabric — perfect for casual wear.,https://www.ajio.com/ltb-typographic-print-hoodie-with-ribbed-hems/p/469359683_offwhite,offwhite,Women,
Xint Crew Neck Regular Fit T-shirt,1399,Clothing,Tshirts,https://assets.ajio.com/medias/sys_master/root/20230914/s7Jz/65032090afa4cf41f5e4fbf9/xint_off_white_crew_neck_regular_fit_t-shirt.jpg,301,Comfortable everyday tee with relaxed fit and soft breathable fabric — perfect for casual wear.,https://www.ajio.com/xint-crew-neck-regular-fit-t-shirt/p/469490492_white,white,Women,
Na-kd Ribbed One-Shoulder Crop Top,2299,Clothing,Tops,https://assets.ajio.com/medias/sys_master/root/20221125/DODj/6380f9e1f997ddfdbd9f0b91/na-kd_grey_ribbed_one-shoulder_crop_top.jpg,220,"Trendy top with a chic design — pairs well with jeans, skirts, or palazzos.",https://www.ajio.com/na-kd-ribbed-one-shoulder-crop-top/p/469293460_grey,grey,Women,
Oxxo Ruched Drawstring Crop Top,1999,Clothing,Tops,https://assets.ajio.com/medias/sys_master/root/20230519/sKxW/64666f49d55b7d0c63c52879/oxxo_green_ruched_drawstring_crop_top.jpg,301,"Trendy top with a chic design — pairs well with jeans, skirts, or palazzos.",https://www.ajio.com/oxxo-ruched-drawstring-crop-top/p/469291302_green,green,Women,
Oxxo Raglan Sleeves Shirt with Front Tie-Up,1999,Clothing,Shirts,https://assets.ajio.com/medias/sys_master/root/20230519/ZsOf/646675a442f9e729d7993da3/oxxo_pink_raglan_sleeves_shirt_with_front_tie-up.jpg,161,Classic regular-fit shirt with clean collar — versatile for both office and casual outings.,https://www.ajio.com/oxxo-raglan-sleeves-shirt-with-front-tie-up/p/469151058_lightorange,lightorange,Women,
Oxxo Cropped Straight Fit Pants,2599,Clothing,Trousers & Pants,https://assets.ajio.com/medias/sys_master/root/20230518/4Xi1/6466622ad55b7d0c63c4d4c5/oxxo_nude_cropped_straight_fit_pants.jpg,197,Well-tailored trousers with a clean finish — ideal for formal and semi-formal occasions.,https://www.ajio.com/oxxo-cropped-straight-fit-pants/p/469151037_beige,beige,Women,
Oxxo Flared Skirt with Elasticated Waist,2299,Clothing,Skirts,https://assets.ajio.com/medias/sys_master/root/20230518/h9PM/6466528f42f9e729d7982f48/oxxo_yellow_flared_skirt_with_elasticated_waist.jpg,374,Premium quality Skirts at an unbeatable discounted price — grab it before stock runs out.,https://www.ajio.com/oxxo-flared-skirt-with-elasticated-waist/p/469291384_yellow,yellow,Women,
Colin's Heathered Sleeveless Turtleneck Pullover,1899,Clothing,Sweaters & Cardigans,https://assets.ajio.com/medias/sys_master/root/20230516/34CG/6463c3d6d55b7d0c63ba8048/colin%27s_grey_heathered_sleeveless_turtleneck_pullover.jpg,355,Premium quality Sweaters & Cardigans at an unbeatable discounted price — grab it before stock runs out.,https://www.ajio.com/colin-s-heathered-sleeveless-turtleneck-pullover/p/469348243_greymelange,greymelange,Women,
TERRANOVA Typographic Print Crop Hoodie,1899,Clothing,Sweatshirt & Hoodies,https://assets.ajio.com/medias/sys_master/root/20230518/rEdt/64665742d55b7d0c63c45ab4/terranova_grey_melange_typographic_print_crop_hoodie.jpg,167,Comfortable everyday tee with relaxed fit and soft breathable fabric — perfect for casual wear.,https://www.ajio.com/terranova-typographic-print-crop-hoodie/p/469405459_lightgreymelange,lightgreymelange,Women,
Mavi Women Butterfly Print Fitted Crew-Neck T-Shirt,1299,Clothing,Tshirts,https://assets.ajio.com/medias/sys_master/root/20240305/yiza/65e72e6c16fd2c6e6a3d15fc/mavi_navy_blue_women_butterfly_print_fitted_crew-neck_t-shirt.jpg,267,Comfortable everyday tee with relaxed fit and soft breathable fabric — perfect for casual wear.,https://www.ajio.com/mavi-women-butterfly-print-fitted-crew-neck-t-shirt/p/469608529_navyblue,navyblue,Men,
Oxxo Graphic Print Crew-Neck T-Shirt,1599,Clothing,Tshirts,https://assets.ajio.com/medias/sys_master/root/20230518/fHDn/64664b8dd55b7d0c63c415bd/oxxo_pink_graphic_print_crew-neck_t-shirt.jpg,153,Comfortable everyday tee with relaxed fit and soft breathable fabric — perfect for casual wear.,https://www.ajio.com/oxxo-graphic-print-crew-neck-t-shirt/p/469291183_pink,pink,Women,
Oxxo Mid-Rise Skinny Fit Jeans,2599,Clothing,Jeans & Jeggings,https://assets.ajio.com/medias/sys_master/root/20221125/go4h/6380d90bf997ddfdbd9dd178/oxxo_denim_black_mid-rise_skinny_fit_jeans.jpg,283,Stylish jeans with a comfortable fit and durable fabric — a wardrobe essential.,https://www.ajio.com/oxxo-mid-rise-skinny-fit-jeans/p/469291146_denim,denim,Women,
Oxxo Jogger Pants with Tie-Up,2599,Clothing,Trousers & Pants,https://assets.ajio.com/medias/sys_master/root/20230518/wlDi/64663fe642f9e729d797b43c/oxxo_off-white_jogger_pants_with_tie-up.jpg,155,Well-tailored trousers with a clean finish — ideal for formal and semi-formal occasions.,https://www.ajio.com/oxxo-jogger-pants-with-tie-up/p/469151081_offwhite,offwhite,Women,
Na-kd Ribbed Sweetheart Neckline Pullover,2799,Clothing,Sweaters & Cardigans,https://assets.ajio.com/medias/sys_master/root/20230719/1hnU/64b80e9feebac147fc7b5af3/na-kd_white_ribbed_sweetheart_neckline_pullover.jpg,316,Premium quality Sweaters & Cardigans at an unbeatable discounted price — grab it before stock runs out.,https://www.ajio.com/na-kd-ribbed-sweetheart-neckline-pullover/p/469293816_blue,blue,Women,
TRENDYOL V-neck Sweatshirt with Tie-Up,1799,Clothing,Sweatshirt & Hoodies,https://assets.ajio.com/medias/sys_master/root/20221125/GgOT/6380df83aeb269659cb5cf8c/trendyol_black_v-neck_sweatshirt_with_tie-up.jpg,316,Comfortable everyday tee with relaxed fit and soft breathable fabric — perfect for casual wear.,https://www.ajio.com/trendyol-v-neck-sweatshirt-with-tie-up/p/469277723_black,black,Women,
Oxxo Fitted One-Shoulder Top,1699,Clothing,Tops,https://assets.ajio.com/medias/sys_master/root/20230127/qDYc/63d3fe67f997dd708e27691b/oxxo_purple_fitted_one-shoulder_top.jpg,222,"Trendy top with a chic design — pairs well with jeans, skirts, or palazzos.",https://www.ajio.com/oxxo-fitted-one-shoulder-top/p/469291155_purple,purple,Women,
Na-kd Halter-Neck Crop Top,1999,Clothing,Tops,https://assets.ajio.com/medias/sys_master/root/20221125/5hnJ/6380f001aeb269659cb66881/na-kd_green_halter-neck_crop_top.jpg,347,"Trendy top with a chic design — pairs well with jeans, skirts, or palazzos.",https://www.ajio.com/na-kd-halter-neck-crop-top/p/469293545_darkgreen,darkgreen,Women,
Oxxo Mid-Rise Straight Fit Pants with Insert Pockets,2599,Clothing,Trousers & Pants,https://assets.ajio.com/medias/sys_master/root/20230518/HkpG/6466458842f9e729d797d90e/oxxo_nude_mid-rise_straight_fit_pants_with_insert_pockets.jpg,242,Well-tailored trousers with a clean finish — ideal for formal and semi-formal occasions.,https://www.ajio.com/oxxo-mid-rise-straight-fit-pants-with-insert-pockets/p/469151011_beige,beige,Women,
TRENDYOL Top with Cut-Out Details,1699,Clothing,Tops,https://assets.ajio.com/medias/sys_master/root/20230518/NweM/64666a14d55b7d0c63c506c3/trendyol_black_top_with_cut-out_details.jpg,370,"Trendy top with a chic design — pairs well with jeans, skirts, or palazzos.",https://www.ajio.com/trendyol-top-with-cut-out-details/p/460609551_black,black,Women,
Glamorous Round-Neck Sheath Dress,2599,Clothing,Dresses,https://assets.ajio.com/medias/sys_master/root/20230914/qDDi/65031b66ddf7791519d8751e/glamorous_green_round-neck_sheath_dress.jpg,389,Elegant dress with a flattering silhouette — perfect for any occasion.,https://www.ajio.com/glamorous-round-neck-sheath-dress/p/460971949_green,green,Women,
Y-LONDON Fitted Cowl-Neck Top,2199,Clothing,Tops,https://assets.ajio.com/medias/sys_master/root/20221115/LcJF/6373cef8aeb269659c8fa5ea/y-london_fuchsia_fitted_cowl-neck_top.jpg,173,"Trendy top with a chic design — pairs well with jeans, skirts, or palazzos.",https://www.ajio.com/y-london-fitted-cowl-neck-top/p/469371741_fuchsia,fuchsia,Women,
Zabaione Self-Design Boat-Neck Pullover,3099,Clothing,Sweaters & Cardigans,https://assets.ajio.com/medias/sys_master/root/20211224/wcvO/61c4d471aeb26901101a7138/zabaione_blue_self-design_boat-neck_pullover.jpg,265,Premium quality Sweaters & Cardigans at an unbeatable discounted price — grab it before stock runs out.,https://www.ajio.com/zabaione-self-design-boat-neck-pullover/p/469058187_blue,blue,Women,
YUMI Round-Neck Floral Print A-line Dress,2499,Clothing,Dresses,https://assets.ajio.com/medias/sys_master/root/h4e/h55/11987928121374/yumi_black_round-neck_floral_print_a-line_dress.jpg,250,Elegant dress with a flattering silhouette — perfect for any occasion.,https://www.ajio.com/yumi-round-neck-floral-print-a-line-dress/p/460251425_black,black,Women,
Oxxo Fitted One-Shoulder Top,1699,Clothing,Tops,https://assets.ajio.com/medias/sys_master/root/20221125/lriq/6380d532aeb269659cb570db/oxxo_white_fitted_one-shoulder_top.jpg,254,"Trendy top with a chic design — pairs well with jeans, skirts, or palazzos.",https://www.ajio.com/oxxo-fitted-one-shoulder-top/p/469291155_white,white,Women,
Na-kd Striped Flat-Front Pants with Front Slit,2499,Clothing,Trousers & Pants,https://assets.ajio.com/medias/sys_master/root/20230519/Udu1/6467a64042f9e729d79de730/na-kd_black_striped_flat-front_pants_with_front_slit.jpg,176,Well-tailored trousers with a clean finish — ideal for formal and semi-formal occasions.,https://www.ajio.com/na-kd-striped-flat-front-pants-with-front-slit/p/469155445_pink,pink,Women,
YUMI Striped Sheath Dress with Fabric Belt,2499,Clothing,Dresses,https://assets.ajio.com/medias/sys_master/root/h46/h4e/11987906363422/yumi_multicoloured_striped_sheath_dress_with_fabric_belt.jpg,186,Elegant dress with a flattering silhouette — perfect for any occasion.,https://www.ajio.com/yumi-striped-sheath-dress-with-fabric-belt/p/460251414_multi,multi,Women,
I Saw It First Butterfly Print Fitted Crop Top,1699,Clothing,Tops,https://assets.ajio.com/medias/sys_master/root/20230517/CwFx/6465198dd55b7d0c63bf2a08/i_saw_it_first_pink_butterfly_print_fitted_crop_top.jpg,304,"Trendy top with a chic design — pairs well with jeans, skirts, or palazzos.",https://www.ajio.com/i-saw-it-first-butterfly-print-fitted-crop-top/p/469179470_pink,pink,Women,
ZELZIS Women Regular Fit Floral Tunic,2499,Clothing,Tops,https://assets.ajio.com/medias/sys_master/root/20250325/LKq1/67e1b4a455340d4b4f85ed13/zelzis_off_white__women_regular_fit_floral_tunic.jpg,338,"Trendy top with a chic design — pairs well with jeans, skirts, or palazzos.",https://www.ajio.com/zelzis--women-regular-fit-floral-tunic/p/701368512_offwhite,offwhite,Men,
I Saw It First Off-Shoulder Crop Top,1799,Clothing,Tops,https://assets.ajio.com/medias/sys_master/root/20230517/JHBE/64651aead55b7d0c63bf2f9f/i_saw_it_first_white_off-shoulder_crop_top.jpg,243,"Trendy top with a chic design — pairs well with jeans, skirts, or palazzos.",https://www.ajio.com/i-saw-it-first-off-shoulder-crop-top/p/469188996_ivory,ivory,Women,
ZELZIS Women Colour-block  Round Neck Dress,2499,Clothing,Dresses,https://assets.ajio.com/medias/sys_master/root/20250407/34q7/67f2ff8955340d4b4fb63d0a/zelzis_pink_women_colour-block__round_neck_dress.jpg,364,Elegant dress with a flattering silhouette — perfect for any occasion.,https://www.ajio.com/zelzis-women-colour-block-round-neck-dress/p/701421224_pink,pink,Men,
Hellcat Pack of 5 Typographic Print Crew-Neck T-Shirts,4499,Clothing,Tshirts,https://assets.ajio.com/medias/sys_master/root/20230427/ctpy/6449748dd55b7d0c6380dfd0/hellcat_multicoloured_pack_of_5_typographic_print_crew-neck_t-shirts.jpg,55,Comfortable everyday tee with relaxed fit and soft breathable fabric — perfect for casual wear.,https://www.ajio.com/hellcat-pack-of-5-typographic-print-crew-neck-t-shirts/p/466098924_multi,multi,Women,
SNITCH Men Striped Slim Fit Shirt,8999,Clothing,Shirts,https://assets.ajio.com/medias/sys_master/root1/20260121/K2xH/69710b08cbfa0d56088d0c30/snitch_black_%26_white_men_striped_slim_fit_shirt.jpg,302,Classic regular-fit shirt with clean collar — versatile for both office and casual outings.,https://www.ajio.com/snitch-men-striped-slim-fit-shirt/p/702788779_black,black,Men,
Hellcat Pack of 3 Typographic Print Crew-Neck T-Shirts,2699,Clothing,Tshirts,https://assets.ajio.com/medias/sys_master/root/20230427/xcMS/64497dbd42f9e729d751f49f/hellcat_multicoloured_pack_of_3_typographic_print_crew-neck_t-shirts.jpg,40,Comfortable everyday tee with relaxed fit and soft breathable fabric — perfect for casual wear.,https://www.ajio.com/hellcat-pack-of-3-typographic-print-crew-neck-t-shirts/p/466098946_multi,multi,Women,
Hellcat Pack of 5 Boy Regular Fit Round-Neck T-Shirts,4499,Clothing,Tshirts,https://assets.ajio.com/medias/sys_master/root/20250613/nwUz/684badae55340d4b4fa85c58/hellcat_navy_blue_pack_of_5_boy_regular_fit_round-neck_t-shirts.jpg,41,Comfortable everyday tee with relaxed fit and soft breathable fabric — perfect for casual wear.,https://www.ajio.com/hellcat-pack-of-5-boy-regular-fit-round-neck-t-shirts/p/701737070_navy,navy,Men,
Hellcat Pack of 5 Boy Regular Fit Round-Neck T-Shirts,4499,Clothing,Tshirts,https://assets.ajio.com/medias/sys_master/root/20250613/yFZq/684bad8b55340d4b4fa85768/hellcat_maroon_pack_of_5_boy_regular_fit_round-neck_t-shirts.jpg,56,Comfortable everyday tee with relaxed fit and soft breathable fabric — perfect for casual wear.,https://www.ajio.com/hellcat-pack-of-5-boy-regular-fit-round-neck-t-shirts/p/701737070_maroon,maroon,Men,
Hellcat Pack of 5 Boy Regular Fit Round-Neck T-Shirts,3999,Clothing,Tshirts,https://assets.ajio.com/medias/sys_master/root/20250613/b8bv/684bae4355340d4b4fa870b6/hellcat_black_pack_of_5_boy_regular_fit_round-neck_t-shirts.jpg,176,Comfortable everyday tee with relaxed fit and soft breathable fabric — perfect for casual wear.,https://www.ajio.com/hellcat-pack-of-5-boy-regular-fit-round-neck-t-shirts/p/701737080_black,black,Men,
Indie Picks Embellished Crop Top,2299,Clothing,Tops,https://assets.ajio.com/medias/sys_master/root1/20250912/J7Lr/68c4287c8bfb9009acff4349/indie_picks_off_white_embellished_crop_top.jpg,185,"Trendy top with a chic design — pairs well with jeans, skirts, or palazzos.",https://www.ajio.com/indie-picks-embellished-crop-top/p/702249591_offwhite,offwhite,Women,
Hellcat Pack of 5 Graphic Print Crew-Neck T-Shirts,4499,Clothing,Tshirts,https://assets.ajio.com/medias/sys_master/root/20230629/ADqQ/649cef0ea9b42d15c91feeba/hellcat_multicoloured_pack_of_5_graphic_print_crew-neck_t-shirts.jpg,28,Comfortable everyday tee with relaxed fit and soft breathable fabric — perfect for casual wear.,https://www.ajio.com/hellcat-pack-of-5-graphic-print-crew-neck-t-shirts/p/466091602_multi,multi,Women,
Nyrika Women Embroidered Relaxed Fit Top,2299,Clothing,"Shirts, Tops & Tunic",https://assets.ajio.com/medias/sys_master/root1/20250731/c0oy/688b762e3d468c61ab394f23/nyrika_off_white_women_embroidered_relaxed_fit_top.jpg,253,Classic regular-fit shirt with clean collar — versatile for both office and casual outings.,https://www.ajio.com/nyrika-women-embroidered-relaxed-fit-top/p/702049021_offwhite,offwhite,Men,
Fyre Rose Women Embroidered Regular Fit Top,2299,Clothing,Tops,https://assets.ajio.com/medias/sys_master/root1/20260127/gvZi/69787e07cbfa0d56089b9492/fyre_rose_off_white_women_embroidered_regular_fit_top.jpg,209,"Trendy top with a chic design — pairs well with jeans, skirts, or palazzos.",https://www.ajio.com/fyre-rose-women-embroidered-regular-fit-top/p/702809171_offwhite,offwhite,Men,
FLAMBOYANT Floral Print A-line Dress with Side Slit,2199,Clothing,Dresses,https://assets.ajio.com/medias/sys_master/root/20240612/5NuJ/666b6d226f60443f312135a5/flamboyant_green_floral_print_a-line_dress_with_side_slit.jpg,238,Elegant dress with a flattering silhouette — perfect for any occasion.,https://www.ajio.com/flamboyant-floral-print-a-line-dress-with-side-slit/p/464372138_green,green,Women,
ZELZIS Women Lace Regular Fit Tunic,2799,Clothing,Tops,https://assets.ajio.com/medias/sys_master/root/20250324/2jzK/67e08eb07a6cd4182f79bc87/zelzis_maroon_women_lace_regular_fit_tunic.jpg,278,"Trendy top with a chic design — pairs well with jeans, skirts, or palazzos.",https://www.ajio.com/zelzis-women-lace-regular-fit-tunic/p/701368533_maroon,maroon,Men,
ZWERLON X AG Women Floral Print A-Line Skirt,2199,Clothing,Skirts,https://assets.ajio.com/medias/sys_master/root1/20250819/gTlH/68a481ff3d468c61ab7b9510/zwerlon_x_ag_blue_women_floral_print_a-line_skirt.jpg,88,Premium quality Skirts at an unbeatable discounted price — grab it before stock runs out.,https://www.ajio.com/zwerlon-x-ag-women-floral-print-a-line-skirt/p/702133570_blue,blue,Men,
ASOS DESIGN Women Premium Draped Rose Detail Off-Shoulder Fishtail Maxi Dress,7999,Clothing,Dresses,https://assets.ajio.com/medias/sys_master/root/20240821/EqmW/66c5fbdd6f60443f311b8ed1/asos_design_red_women_premium_draped_rose_detail_off-shoulder_fishtail_maxi_dress.jpg,353,Elegant dress with a flattering silhouette — perfect for any occasion.,https://www.ajio.com/asos-design-women-premium-draped-rose-detail-off-shoulder-fishtail-maxi-dress/p/469633383_red,red,Men,
ZELZIS Women Bodycon Dress with Halter Neck,2699,Clothing,Dresses,https://assets.ajio.com/medias/sys_master/root/20250110/IdAA/6780b4770431850e0d90bd5f/zelzis_black_women_bodycon_dress_with_halter_neck.jpg,318,Elegant dress with a flattering silhouette — perfect for any occasion.,https://www.ajio.com/zelzis-women-bodycon-dress-with-halter-neck/p/701035448_black,black,Men,
Lulu & Sky Women Slim Fit Off Shoulder Neck Top,1999,Clothing,Tops,https://assets.ajio.com/medias/sys_master/root1/20250902/WLdX/68b6d79b8bfb9009acc992b8/lulu_%26_sky_beige_women_slim_fit_off_shoulder_neck_top.jpg,181,"Trendy top with a chic design — pairs well with jeans, skirts, or palazzos.",https://www.ajio.com/lulu--sky-women-slim-fit-off-shoulder-neck-top/p/702191563_beige,beige,Men,
ASOS DESIGN Off-Shoulder Twist-Front Velvet Midi Wrap Dress,5499,Clothing,Dresses,https://assets.ajio.com/medias/sys_master/root/20241226/ntr7/676d5501c148fa1b3060e88d/asos_design_green_off-shoulder_twist-front_velvet_midi_wrap_dress.jpg,338,Elegant dress with a flattering silhouette — perfect for any occasion.,https://www.ajio.com/asos-design-off-shoulder-twist-front-velvet-midi-wrap-dress/p/469683532_khaki,khaki,Women,
Revangi Women Printed Flared Tunic,2699,Clothing,Kurtis & Tunics,https://assets.ajio.com/medias/sys_master/root/20250607/dazB/68436f897a6cd4182f8c345b/revangi_off_white_women_printed_flared_tunic.jpg,345,Premium quality Kurtis & Tunics at an unbeatable discounted price — grab it before stock runs out.,https://www.ajio.com/revangi-women-printed-flared-tunic/p/701666106_offwhite,offwhite,Men,
Buda Jeans Co Women Ribbed T-Shirt,2099,Clothing,Tshirts,https://assets.ajio.com/medias/sys_master/root1/20260129/Ub48/697b4307cbfa0d5608a8a8db/buda_jeans_co_beige_women_ribbed_t-shirt.jpg,315,Comfortable everyday tee with relaxed fit and soft breathable fabric — perfect for casual wear.,https://www.ajio.com/buda-jeans-co-women-ribbed-t-shirt/p/702826874_beige,beige,Men,
WOMENSTER Women Slim Fit Round-Neck Crop Top,1399,Clothing,Tops,https://assets.ajio.com/medias/sys_master/root/20241017/K5H7/6710668bf9b8ef490bc0174c/womenster_off_white_women_slim_fit_round-neck_crop_top.jpg,215,"Trendy top with a chic design — pairs well with jeans, skirts, or palazzos.",https://www.ajio.com/womenster-women-slim-fit-round-neck-crop-top/p/700593761_offwhite,offwhite,Men,
ZWERLON X AG Women Floral-Print Off-Shoulder Tiered Dress,1999,Clothing,Dresses,https://assets.ajio.com/medias/sys_master/root1/20250728/c6G2/688783938bfb9009ac439952/zwerlon_x_ag_blue_women_floral-print_off-shoulder_tiered_dress.jpg,330,Elegant dress with a flattering silhouette — perfect for any occasion.,https://www.ajio.com/zwerlon-x-ag-women-floral-print-off-shoulder-tiered-dress/p/702033710_blue,blue,Men,
Hellcat Girls Printed A-line Dress,1799,Clothing,Dresses & Frocks,https://assets.ajio.com/medias/sys_master/root/20250207/Vs8D/67a5ca652960820c49699400/hellcat_purple_girls_printed_a-line_dress.jpg,158,Elegant dress with a flattering silhouette — perfect for any occasion.,https://www.ajio.com/hellcat-girls-printed-a-line-dress/p/701175414_purple,purple,Kids,
Lulu & Sky Women Slim Fit Off Shoulder Neck Top,2699,Clothing,Tops,https://assets.ajio.com/medias/sys_master/root/20250531/yM9n/683b0d6555340d4b4f743aaa/lulu_%26_sky_blue_women_slim_fit_off_shoulder_neck_top.jpg,240,"Trendy top with a chic design — pairs well with jeans, skirts, or palazzos.",https://www.ajio.com/lulu--sky-women-slim-fit-off-shoulder-neck-top/p/701653864_blue,blue,Men,
Lulu & Sky Women Off Shoulder-Neck Bodycon Dress,2699,Clothing,Dresses,https://assets.ajio.com/medias/sys_master/root1/20250825/HZAM/68ac56d18bfb9009acaa500b/lulu_%26_sky_beige_women_off_shoulder-neck_bodycon_dress.jpg,379,Elegant dress with a flattering silhouette — perfect for any occasion.,https://www.ajio.com/lulu--sky-women-off-shoulder-neck-bodycon-dress/p/702154927_beige,beige,Men,
Lulu & Sky Women Slim Fit Off Shoulder Neck Top,2699,Clothing,Tops,https://assets.ajio.com/medias/sys_master/root/20250531/yxjw/683b0d7855340d4b4f743da6/lulu_%26_sky_white_women_slim_fit_off_shoulder_neck_top.jpg,392,"Trendy top with a chic design — pairs well with jeans, skirts, or palazzos.",https://www.ajio.com/lulu--sky-women-slim-fit-off-shoulder-neck-top/p/701653870_white,white,Men,
Oomph Set of 18 Bridal Chuda Bangles,2999,Clothing,Bracelets & Bangles,https://assets.ajio.com/medias/sys_master/root1/20251225/uta2/694d1afdcbfa0d56082b4710/oomph_off_white%2C_brown_set_of_18_bridal_chuda_bangles.jpg,257,Stylish bracelet with sturdy clasp — adds an edge to any casual or formal outfit.,https://www.ajio.com/oomph-set-of-18-bridal-chuda-bangles/p/702671119_offwhite,offwhite,Women,
Lulu & Sky Women Off Shoulder-Neck Bodycon Dress,2699,Clothing,Dresses,https://assets.ajio.com/medias/sys_master/root1/20250825/XPR7/68ac55518bfb9009acaa1e1d/lulu_%26_sky_blue_women_off_shoulder-neck_bodycon_dress.jpg,233,Elegant dress with a flattering silhouette — perfect for any occasion.,https://www.ajio.com/lulu--sky-women-off-shoulder-neck-bodycon-dress/p/702154929_blue,blue,Men,
Lulu & Sky Women Off-Shoulder Neck Bodycon Dress,3299,Clothing,Dresses,https://assets.ajio.com/medias/sys_master/root/20241014/5UfR/670ce744260f9c41e875929b/lulu_%26_sky_brown_women_off-shoulder_neck_bodycon_dress.jpg,322,Elegant dress with a flattering silhouette — perfect for any occasion.,https://www.ajio.com/lulu--sky-women-off-shoulder-neck-bodycon-dress/p/700581689_brown,brown,Men,
Hellcat Pack of 2 Typographic Print Crew-Neck T-Shirts,2299,Clothing,Tshirts,https://assets.ajio.com/medias/sys_master/root/20230425/wU9B/64471fd042f9e729d74d579f/hellcat_off_white_%26_brown_pack_of_2_typographic_print_crew-neck_t-shirts.jpg,151,Comfortable everyday tee with relaxed fit and soft breathable fabric — perfect for casual wear.,https://www.ajio.com/hellcat-pack-of-2-typographic-print-crew-neck-t-shirts/p/466091578_offwhite,offwhite,Women,
Lulu & Sky Women Slim Fit Off Shoulder Neck Top,1799,Clothing,Tops,https://assets.ajio.com/medias/sys_master/root1/20250902/1laT/68b6d6863d468c61abb56d3f/lulu_%26_sky_orange_women_slim_fit_off_shoulder_neck_top.jpg,365,"Trendy top with a chic design — pairs well with jeans, skirts, or palazzos.",https://www.ajio.com/lulu--sky-women-slim-fit-off-shoulder-neck-top/p/702191589_orange,orange,Men,
ZWERLON X AG Women Printed Off-Shoulder Tiered Dress,1999,Clothing,Dresses & Gowns,https://assets.ajio.com/medias/sys_master/root1/20250821/ADoV/68a628268bfb9009ac9f7281/zwerlon_x_ag_blue_women_printed_off-shoulder_tiered_dress.jpg,250,Elegant dress with a flattering silhouette — perfect for any occasion.,https://www.ajio.com/zwerlon-x-ag-women-printed-off-shoulder-tiered-dress/p/702135544_blue,blue,Men,
Lulu & Sky Women Off-Shoulder Sheath Dress,2699,Clothing,Dresses,https://assets.ajio.com/medias/sys_master/root1/20250829/6C9Z/68b166708bfb9009acb85f5e/lulu_%26_sky_white_women_off-shoulder_sheath_dress.jpg,226,Elegant dress with a flattering silhouette — perfect for any occasion.,https://www.ajio.com/lulu--sky-women-off-shoulder-sheath-dress/p/702018082_white,white,Men,
ORCHID BLUES Women Fitted Square-Neck Top,2299,Clothing,Tops,https://assets.ajio.com/medias/sys_master/root/20231019/y6yl/65312f6cafa4cf41f54fd637/orchid_blues_yellow_women_fitted_square-neck_top.jpg,211,"Trendy top with a chic design — pairs well with jeans, skirts, or palazzos.",https://www.ajio.com/orchid-blues-women-fitted-square-neck-top/p/466724651_yellow,yellow,Men,
Lulu & Sky Women Slim Fit Off Shoulder Neck Top,2699,Clothing,Tops,https://assets.ajio.com/medias/sys_master/root/20250531/fXN7/683a664a55340d4b4f72699b/lulu_%26_sky_black_women_slim_fit_off_shoulder_neck_top.jpg,156,"Trendy top with a chic design — pairs well with jeans, skirts, or palazzos.",https://www.ajio.com/lulu--sky-women-slim-fit-off-shoulder-neck-top/p/701653866_black,black,Men,
Hellcat Pack of 2 Typographic Print Crew-Neck T-Shirts,2299,Clothing,Tshirts,https://assets.ajio.com/medias/sys_master/root/20230427/Fvy1/64497200d55b7d0c6380da0e/hellcat_maroon_%26_off_white_pack_of_2_typographic_print_crew-neck_t-shirts.jpg,77,Comfortable everyday tee with relaxed fit and soft breathable fabric — perfect for casual wear.,https://www.ajio.com/hellcat-pack-of-2-typographic-print-crew-neck-t-shirts/p/466098895_beige,beige,Women,
FERANOID Women Regular Fit Sleeveless Top,3999,Clothing,Tops,https://assets.ajio.com/medias/sys_master/root/20231205/w4ke/656f511fddf7791519b34953/feranoid_yellow_women_regular_fit_sleeveless_top.jpg,388,"Trendy top with a chic design — pairs well with jeans, skirts, or palazzos.",https://www.ajio.com/feranoid-women-regular-fit-sleeveless-top/p/466854680_yellow,yellow,Men,
Revangi Women Floral Print Flared Tunic,2699,Clothing,Kurtis & Tunics,https://assets.ajio.com/medias/sys_master/root/20250607/vlCE/68436f8f7a6cd4182f8c3556/revangi_off_white_women_floral_print_flared_tunic.jpg,368,Premium quality Kurtis & Tunics at an unbeatable discounted price — grab it before stock runs out.,https://www.ajio.com/revangi-women-floral-print-flared-tunic/p/701666114_offwhite,offwhite,Men,
ART SUNDARI Thread Beaded Choker,9999,Clothing,Necklaces & Pendants,https://assets.ajio.com/medias/sys_master/root/20230321/PPM3/64197231aeb26924e3e4c735/art_sundari_off-white_thread_beaded_choker.jpg,222,Premium quality Necklaces & Pendants at an unbeatable discounted price — grab it before stock runs out.,https://www.ajio.com/art-sundari-thread-beaded-choker/p/465754558_offwhite,offwhite,Women,
Lulu & Sky Women Off Shoulder Sheath Dress,2699,Clothing,Dresses,https://assets.ajio.com/medias/sys_master/root1/20250829/FqCu/68b165f63d468c61aba3a2d3/lulu_%26_sky_mauve_women_off_shoulder_sheath_dress.jpg,258,Elegant dress with a flattering silhouette — perfect for any occasion.,https://www.ajio.com/lulu--sky-women-off-shoulder-sheath-dress/p/701661993_mauve,mauve,Men,
